<?xml version="1.0" ?><inputProfile><maxSteps>100</maxSteps><qosRequirement>CostQoS</qosRequirement><variables><variable><name>patientId</name><values><value><data class="int">1</data><ratio>0.5</ratio></value><value><data class="int">2</data><ratio>0.5</ratio></value></values></variable><variable><name>pick</name><values><value><data class="int">1</data><ratio>0.75</ratio></value><value><data class="int">2</data><ratio>0.25</ratio></value><value><data class="int">2</data><ratio>0.3</ratio></value></values></variable></variables></inputProfile>