2015-03-31 12:56:06,WorkflowStarted,Workflow Started monitoring
2015-03-31 12:56:06,WorkflowStarted,Workflow Started monitoring
2015-03-31 12:56:06,WorkflowStarted,Workflow Started monitoring
2015-03-31 12:56:07,WorkflowStarted,Workflow Started monitoring
2015-03-31 12:56:07,WorkflowStarted,Workflow Started monitoring
2015-03-31 12:56:07,WorkflowStarted,Workflow Started monitoring
2015-03-31 12:56:08,WorkflowStarted,Workflow Started monitoring
2015-03-31 12:56:08,WorkflowStarted,Workflow Started monitoring
2015-03-31 12:56:08,WorkflowStarted,Workflow Started monitoring
2015-03-31 12:56:09,WorkflowStarted,Workflow Started monitoring
2015-03-31 12:56:10,WorkflowStarted,Workflow Started monitoring
2015-03-31 12:56:10,WorkflowStarted,Workflow Started monitoring
2015-03-31 12:56:10,WorkflowStarted,Workflow Started monitoring
2015-03-31 12:56:10,WorkflowStarted,Workflow Started monitoring
2015-03-31 12:56:10,WorkflowStarted,Workflow Started monitoring
2015-03-31 12:56:10,WorkflowStarted,Workflow Started monitoring
2015-03-31 12:56:10,WorkflowStarted,Workflow Started monitoring
2015-03-31 12:56:11,WorkflowStarted,Workflow Started monitoring
2015-03-31 12:56:11,WorkflowStarted,Workflow Started monitoring
2015-03-31 12:56:11,WorkflowStarted,Workflow Started monitoring
2015-03-31 12:56:11,WorkflowStarted,Workflow Started monitoring
2015-03-31 12:56:11,WorkflowStarted,Workflow Started monitoring
2015-03-31 12:56:11,WorkflowStarted,Workflow Started monitoring
2015-03-31 12:56:12,WorkflowStarted,Workflow Started monitoring
2015-03-31 12:56:12,WorkflowStarted,Workflow Started monitoring
2015-03-31 12:56:12,WorkflowStarted,Workflow Started monitoring
2015-03-31 12:56:12,WorkflowStarted,Workflow Started monitoring
2015-03-31 12:56:12,WorkflowStarted,Workflow Started monitoring
2015-03-31 12:56:14,WorkflowStarted,Workflow Started monitoring
2015-03-31 12:56:15,WorkflowStarted,Workflow Started monitoring
2015-03-31 12:56:15,WorkflowStarted,Workflow Started monitoring
2015-03-31 12:56:15,WorkflowStarted,Workflow Started monitoring
2015-03-31 12:56:15,WorkflowStarted,Workflow Started monitoring
2015-03-31 12:56:15,WorkflowStarted,Workflow Started monitoring
2015-03-31 12:56:15,WorkflowStarted,Workflow Started monitoring
2015-03-31 12:56:15,WorkflowStarted,Workflow Started monitoring
2015-03-31 12:56:15,WorkflowStarted,Workflow Started monitoring
2015-03-31 12:56:15,WorkflowStarted,Workflow Started monitoring
2015-03-31 12:56:15,WorkflowStarted,Workflow Started monitoring
2015-03-31 12:56:15,WorkflowStarted,Workflow Started monitoring
2015-03-31 12:56:16,WorkflowStarted,Workflow Started monitoring
2015-03-31 12:56:16,WorkflowStarted,Workflow Started monitoring
2015-03-31 12:56:16,WorkflowStarted,Workflow Started monitoring
2015-03-31 12:56:16,WorkflowStarted,Workflow Started monitoring
2015-03-31 12:56:16,WorkflowStarted,Workflow Started monitoring
2015-03-31 12:56:16,WorkflowStarted,Workflow Started monitoring
2015-03-31 12:56:16,WorkflowStarted,Workflow Started monitoring
2015-03-31 12:56:16,WorkflowStarted,Workflow Started monitoring
2015-03-31 12:56:16,WorkflowStarted,Workflow Started monitoring
2015-03-31 12:56:16,WorkflowStarted,Workflow Started monitoring
