<?xml version="1.0" encoding="UTF-8" standalone="no"?><GSN><Context identifier="identifier" statement="Context: identifier: Assignment: tailoring " tailoring="tailoring "/><Solution assessment="assessment" identifier="identifier" statement="Solution: identifier: assessment"/><MainGoal achievement_weight="1" actor="actor" baseline_allocation="baseline allocation" control_action="control action" family="family" identifier="identifier" number="number" provision_set="provision set" statement="Goal: family-number identifier Main: actor control action; Impact = baseline allocation, Provides= [ provision set]; aw = 1"/><ReqGoal achievement_weight="1" assessment_process="assessment process" functional_requirement="functional requirement" identifier="identifier" statement="Goal: identifier: assessment process maintains functional requirement; aw = 1"/><ModuleGoal achievement_weight="1" assessment_process="assessment process" identifier="identifier" statement="Module: identifier : Argument over operational subgoal(s) of assessment process; aw = 1"/><OppGoal achievement_weight="1" condition="condition" identifier="identifier" statement="Goal: identifier: Variables = variable; Condition = condition; aw = 1" variable="variable"/><Strategy assessment_Process="assessment process" identifier="identifier" statement="Strategy: identifier: Argument over assessment process"/><InContextOf destination="contextDestinationContext" source="contextSourceGoal"/><SupportedBy destination="supportDestination" source="supportSource"/><SupportedBy Provides="provide" Requires="reuires" destination="supportDestinationWithProvideRequires" source="supportSourceWithProvideRequires"/></GSN>