1,MedicalService3,true,2.15,0.0,0.0
1,DrugService,true,5.0,0.0,0.0
1,AssistanceService,true,7.15

2,MedicalService3,true,2.15,0.0,0.0
2,AlarmService1,true,4.0,0.0,0.0
2,AssistanceService,true,6.15

3,AlarmService1,true,4.0,0.0,0.0
3,AssistanceService,true,4.0

4,MedicalService3,true,2.15,0.0,0.0
4,DrugService,true,5.0,0.0,0.0
4,AssistanceService,true,7.15

5,MedicalService3,true,2.15,0.0,0.0
5,DrugService,true,5.0,0.0,0.0
5,AssistanceService,true,7.15

6,MedicalService3,true,2.15,0.0,0.0
6,AlarmService1,true,4.0,0.0,0.0
6,AssistanceService,true,6.15

7,MedicalService3,true,2.15,0.0,0.0
7,DrugService,true,5.0,0.0,0.0
7,AssistanceService,true,7.15

8,MedicalService3,true,2.15,0.0,0.0
8,DrugService,true,5.0,0.0,0.0
8,AssistanceService,true,7.15

9,MedicalService3,true,2.15,0.0,0.0
9,AlarmService1,true,4.0,0.0,0.0
9,AssistanceService,true,6.15

10,MedicalService3,true,2.15,0.0,0.0
10,DrugService,true,5.0,0.0,0.0
10,AssistanceService,true,7.15

11,MedicalService3,true,2.15,0.0,0.0
11,DrugService,true,5.0,0.0,0.0
11,AssistanceService,true,7.15

12,MedicalService3,true,2.15,0.0,0.0
12,DrugService,true,5.0,0.0,0.0
12,AssistanceService,true,7.15

13,MedicalService3,true,2.15,0.0,0.0
13,AlarmService1,true,4.0,0.0,0.0
13,AssistanceService,true,6.15

14,MedicalService3,true,2.15,0.0,0.0
14,AlarmService1,true,4.0,0.0,0.0
14,AssistanceService,true,6.15

15,MedicalService3,true,2.15,0.0,0.0
15,DrugService,true,5.0,0.0,0.0
15,AssistanceService,true,7.15

16,MedicalService3,true,2.15,0.0,0.0
16,DrugService,true,5.0,0.0,0.0
16,AssistanceService,true,7.15

17,MedicalService3,true,2.15,0.0,0.0
17,DrugService,true,5.0,0.0,0.0
17,AssistanceService,true,7.15

18,MedicalService3,true,2.15,0.0,0.0
18,AlarmService1,true,4.0,0.0,0.0
18,AssistanceService,true,6.15

19,MedicalService3,true,2.15,0.0,0.0
19,DrugService,true,5.0,0.0,0.0
19,AssistanceService,true,7.15

20,MedicalService3,true,2.15,0.0,0.0
20,AlarmService1,true,4.0,0.0,0.0
20,AssistanceService,true,6.15

21,MedicalService3,true,2.15,0.0,0.0
21,DrugService,true,5.0,0.0,0.0
21,AssistanceService,true,7.15

22,AlarmService1,true,4.0,0.0,0.0
22,AssistanceService,true,4.0

23,MedicalService3,true,2.15,0.0,0.0
23,DrugService,true,5.0,0.0,0.0
23,AssistanceService,true,7.15

24,MedicalService3,true,2.15,0.0,0.0
24,DrugService,true,5.0,0.0,0.0
24,AssistanceService,true,7.15

25,AlarmService1,true,4.0,0.0,0.0
25,AssistanceService,true,4.0

26,MedicalService3,true,2.15,0.0,0.0
26,DrugService,true,5.0,0.0,0.0
26,AssistanceService,true,7.15

27,MedicalService3,true,2.15,0.0,0.0
27,DrugService,true,5.0,0.0,0.0
27,AssistanceService,true,7.15

28,MedicalService3,true,2.15,0.0,0.0
28,AlarmService1,true,4.0,0.0,0.0
28,AssistanceService,true,6.15

29,MedicalService3,true,2.15,0.0,0.0
29,DrugService,true,5.0,0.0,0.0
29,AssistanceService,true,7.15

30,MedicalService3,true,2.15,0.0,0.0
30,DrugService,true,5.0,0.0,0.0
30,AssistanceService,true,7.15

31,AlarmService1,true,4.0,0.0,0.0
31,AssistanceService,true,4.0

32,MedicalService3,true,2.15,0.0,0.0
32,DrugService,true,5.0,0.0,0.0
32,AssistanceService,true,7.15

33,MedicalService3,true,2.15,0.0,0.0
33,DrugService,true,5.0,0.0,0.0
33,AssistanceService,true,7.15

34,MedicalService3,true,2.15,0.0,0.0
34,DrugService,true,5.0,0.0,0.0
34,AssistanceService,true,7.15

35,AlarmService1,true,4.0,0.0,0.0
35,AssistanceService,true,4.0

36,AlarmService1,true,4.0,0.0,0.0
36,AssistanceService,true,4.0

37,AlarmService1,true,4.0,0.0,0.0
37,AssistanceService,true,4.0

38,MedicalService3,true,2.15,0.0,0.0
38,AlarmService1,true,4.0,0.0,0.0
38,AssistanceService,true,6.15

39,MedicalService3,true,2.15,0.0,0.0
39,DrugService,true,5.0,0.0,0.0
39,AssistanceService,true,7.15

40,MedicalService3,true,2.15,0.0,0.0
40,AlarmService1,true,4.0,0.0,0.0
40,AssistanceService,true,6.15

41,MedicalService3,true,2.15,0.0,0.0
41,DrugService,true,5.0,0.0,0.0
41,AssistanceService,true,7.15

42,AlarmService1,true,4.0,0.0,0.0
42,AssistanceService,true,4.0

43,AlarmService1,true,4.0,0.0,0.0
43,AssistanceService,true,4.0

44,MedicalService3,true,2.15,0.0,0.0
44,DrugService,true,5.0,0.0,0.0
44,AssistanceService,true,7.15

45,MedicalService3,true,2.15,0.0,0.0
45,DrugService,true,5.0,0.0,0.0
45,AssistanceService,true,7.15

46,MedicalService3,true,2.15,0.0,0.0
46,DrugService,true,5.0,0.0,0.0
46,AssistanceService,true,7.15

47,MedicalService3,true,2.15,0.0,0.0
47,DrugService,true,5.0,0.0,0.0
47,AssistanceService,true,7.15

48,MedicalService3,true,2.15,0.0,0.0
48,DrugService,true,5.0,0.0,0.0
48,AssistanceService,true,7.15

49,MedicalService3,true,2.15,0.0,0.0
49,AlarmService1,true,4.0,0.0,0.0
49,AssistanceService,true,6.15

50,MedicalService3,true,2.15,0.0,0.0
50,AlarmService1,true,4.0,0.0,0.0
50,AssistanceService,true,6.15

51,MedicalService3,true,2.15,0.0,0.0
51,DrugService,true,5.0,0.0,0.0
51,AssistanceService,true,7.15

52,MedicalService3,true,2.15,0.0,0.0
52,DrugService,true,5.0,0.0,0.0
52,AssistanceService,true,7.15

53,MedicalService3,true,2.15,0.0,0.0
53,AlarmService1,true,4.0,0.0,0.0
53,AssistanceService,true,6.15

54,MedicalService3,true,2.15,0.0,0.0
54,DrugService,true,5.0,0.0,0.0
54,AssistanceService,true,7.15

55,AlarmService1,true,4.0,0.0,0.0
55,AssistanceService,true,4.0

56,MedicalService3,true,2.15,0.0,0.0
56,DrugService,true,5.0,0.0,0.0
56,AssistanceService,true,7.15

57,MedicalService3,true,2.15,0.0,0.0
57,DrugService,true,5.0,0.0,0.0
57,AssistanceService,true,7.15

58,MedicalService3,true,2.15,0.0,0.0
58,AlarmService1,true,4.0,0.0,0.0
58,AssistanceService,true,6.15

59,MedicalService3,true,2.15,0.0,0.0
59,DrugService,true,5.0,0.0,0.0
59,AssistanceService,true,7.15

60,MedicalService3,true,2.15,0.0,0.0
60,AlarmService1,true,4.0,0.0,0.0
60,AssistanceService,true,6.15

61,AlarmService1,true,4.0,0.0,0.0
61,AssistanceService,true,4.0

62,AlarmService1,true,4.0,0.0,0.0
62,AssistanceService,true,4.0

63,MedicalService3,true,2.15,0.0,0.0
63,AlarmService1,true,4.0,0.0,0.0
63,AssistanceService,true,6.15

64,AlarmService1,true,4.0,0.0,0.0
64,AssistanceService,true,4.0

65,MedicalService3,true,2.15,0.0,0.0
65,DrugService,true,5.0,0.0,0.0
65,AssistanceService,true,7.15

66,MedicalService3,true,2.15,0.0,0.0
66,DrugService,true,5.0,0.0,0.0
66,AssistanceService,true,7.15

67,MedicalService3,true,2.15,0.0,0.0
67,AlarmService1,true,4.0,0.0,0.0
67,AssistanceService,true,6.15

68,MedicalService3,true,2.15,0.0,0.0
68,DrugService,true,5.0,0.0,0.0
68,AssistanceService,true,7.15

69,MedicalService3,true,2.15,0.0,0.0
69,DrugService,true,5.0,0.0,0.0
69,AssistanceService,true,7.15

70,MedicalService3,true,2.15,0.0,0.0
70,DrugService,true,5.0,0.0,0.0
70,AssistanceService,true,7.15

71,MedicalService3,true,2.15,0.0,0.0
71,AlarmService1,true,4.0,0.0,0.0
71,AssistanceService,true,6.15

72,MedicalService3,true,2.15,0.0,0.0
72,DrugService,true,5.0,0.0,0.0
72,AssistanceService,true,7.15

73,AlarmService1,true,4.0,0.0,0.0
73,AssistanceService,true,4.0

74,MedicalService3,true,2.15,0.0,0.0
74,DrugService,true,5.0,0.0,0.0
74,AssistanceService,true,7.15

75,MedicalService3,true,2.15,0.0,0.0
75,DrugService,true,5.0,0.0,0.0
75,AssistanceService,true,7.15

76,MedicalService3,true,2.15,0.0,0.0
76,DrugService,true,5.0,0.0,0.0
76,AssistanceService,true,7.15

77,MedicalService3,true,2.15,0.0,0.0
77,DrugService,true,5.0,0.0,0.0
77,AssistanceService,true,7.15

78,MedicalService3,true,2.15,0.0,0.0
78,AlarmService1,true,4.0,0.0,0.0
78,AssistanceService,true,6.15

79,MedicalService3,true,2.15,0.0,0.0
79,AlarmService1,true,4.0,0.0,0.0
79,AssistanceService,true,6.15

80,MedicalService3,true,2.15,0.0,0.0
80,DrugService,true,5.0,0.0,0.0
80,AssistanceService,true,7.15

81,MedicalService3,true,2.15,0.0,0.0
81,DrugService,true,5.0,0.0,0.0
81,AssistanceService,true,7.15

82,MedicalService3,true,2.15,0.0,0.0
82,AlarmService1,true,4.0,0.0,0.0
82,AssistanceService,true,6.15

83,MedicalService3,true,2.15,0.0,0.0
83,DrugService,true,5.0,0.0,0.0
83,AssistanceService,true,7.15

84,MedicalService3,true,2.15,0.0,0.0
84,DrugService,true,5.0,0.0,0.0
84,AssistanceService,true,7.15

85,MedicalService3,true,2.15,0.0,0.0
85,DrugService,true,5.0,0.0,0.0
85,AssistanceService,true,7.15

86,MedicalService3,true,2.15,0.0,0.0
86,AlarmService1,true,4.0,0.0,0.0
86,AssistanceService,true,6.15

87,AlarmService1,true,4.0,0.0,0.0
87,AssistanceService,true,4.0

88,MedicalService3,true,2.15,0.0,0.0
88,DrugService,true,5.0,0.0,0.0
88,AssistanceService,true,7.15

89,AlarmService1,true,4.0,0.0,0.0
89,AssistanceService,true,4.0

90,AlarmService1,true,4.0,0.0,0.0
90,AssistanceService,true,4.0

91,MedicalService3,true,2.15,0.0,0.0
91,DrugService,true,5.0,0.0,0.0
91,AssistanceService,true,7.15

92,MedicalService3,true,2.15,0.0,0.0
92,DrugService,true,5.0,0.0,0.0
92,AssistanceService,true,7.15

93,MedicalService3,true,2.15,0.0,0.0
93,DrugService,true,5.0,0.0,0.0
93,AssistanceService,true,7.15

94,AlarmService1,true,4.0,0.0,0.0
94,AssistanceService,true,4.0

95,MedicalService3,true,2.15,0.0,0.0
95,DrugService,true,5.0,0.0,0.0
95,AssistanceService,true,7.15

96,MedicalService3,true,2.15,0.0,0.0
96,AlarmService1,true,4.0,0.0,0.0
96,AssistanceService,true,6.15

97,AlarmService1,true,4.0,0.0,0.0
97,AssistanceService,true,4.0

98,MedicalService3,true,2.15,0.0,0.0
98,DrugService,true,5.0,0.0,0.0
98,AssistanceService,true,7.15

99,MedicalService3,true,2.15,0.0,0.0
99,AlarmService1,true,4.0,0.0,0.0
99,AssistanceService,true,6.15

100,MedicalService3,true,2.15,0.0,0.0
100,DrugService,true,5.0,0.0,0.0
100,AssistanceService,true,7.15

