1,MedicalService3,true,2.15,0.0,0.0
1,DrugService,true,5.0,0.0,0.0
1,AssistanceService,true,7.15

2,MedicalService2,true,14.0,0.0,0.0
2,AlarmService3,true,2.0,0.0,0.0
2,AssistanceService,true,16.0

3,MedicalService3,true,2.15,0.0,0.0
3,DrugService,true,5.0,0.0,0.0
3,AssistanceService,true,7.15

4,AlarmService2,true,12.0,0.0,0.0
4,AssistanceService,true,12.0

5,MedicalService1,true,4.0,0.0,0.0
5,DrugService,true,5.0,0.0,0.0
5,AssistanceService,true,9.0

6,MedicalService3,true,2.15,0.0,0.0
6,DrugService,true,5.0,0.0,0.0
6,AssistanceService,true,7.15

7,MedicalService3,true,2.15,0.0,0.0
7,DrugService,true,5.0,0.0,0.0
7,AssistanceService,true,7.15

8,MedicalService3,true,2.15,0.0,0.0
8,DrugService,true,5.0,0.0,0.0
8,AssistanceService,true,7.15

9,MedicalService3,true,2.15,0.0,0.0
9,DrugService,true,5.0,0.0,0.0
9,AssistanceService,true,7.15

10,MedicalService1,true,4.0,0.0,0.0
10,DrugService,true,5.0,0.0,0.0
10,AssistanceService,true,9.0

11,MedicalService3,true,2.15,0.0,0.0
11,AlarmService3,true,2.0,0.0,0.0
11,AssistanceService,true,4.15

12,MedicalService1,true,4.0,0.0,0.0
12,DrugService,true,5.0,0.0,0.0
12,AssistanceService,true,9.0

13,MedicalService2,true,14.0,0.0,0.0
13,AlarmService1,true,4.0,0.0,0.0
13,AssistanceService,true,18.0

14,MedicalService1,true,4.0,0.0,0.0
14,DrugService,true,5.0,0.0,0.0
14,AssistanceService,true,9.0

15,MedicalService3,true,2.15,0.0,0.0
15,AlarmService2,true,12.0,0.0,0.0
15,AssistanceService,true,14.15

16,MedicalService3,true,2.15,0.0,0.0
16,DrugService,true,5.0,0.0,0.0
16,AssistanceService,true,7.15

17,MedicalService3,true,2.15,0.0,0.0
17,DrugService,true,5.0,0.0,0.0
17,AssistanceService,true,7.15

18,AlarmService3,true,2.0,0.0,0.0
18,AssistanceService,true,2.0

19,MedicalService2,true,14.0,0.0,0.0
19,DrugService,true,5.0,0.0,0.0
19,AssistanceService,true,19.0

20,AlarmService1,true,4.0,0.0,0.0
20,AssistanceService,true,4.0

21,AlarmService1,true,4.0,0.0,0.0
21,AssistanceService,true,4.0

22,MedicalService1,true,4.0,0.0,0.0
22,DrugService,true,5.0,0.0,0.0
22,AssistanceService,true,9.0

23,MedicalService2,true,14.0,0.0,0.0
23,AlarmService2,true,12.0,0.0,0.0
23,AssistanceService,true,26.0

24,AlarmService2,true,12.0,0.0,0.0
24,AssistanceService,true,12.0

25,AlarmService3,true,2.0,0.0,0.0
25,AssistanceService,true,2.0

26,MedicalService3,true,2.15,0.0,0.0
26,AlarmService3,true,2.0,0.0,0.0
26,AssistanceService,true,4.15

27,MedicalService2,true,14.0,0.0,0.0
27,DrugService,true,5.0,0.0,0.0
27,AssistanceService,true,19.0

28,MedicalService3,true,2.15,0.0,0.0
28,DrugService,true,5.0,0.0,0.0
28,AssistanceService,true,7.15

29,MedicalService2,true,14.0,0.0,0.0
29,DrugService,true,5.0,0.0,0.0
29,AssistanceService,true,19.0

30,MedicalService2,true,14.0,0.0,0.0
30,DrugService,true,5.0,0.0,0.0
30,AssistanceService,true,19.0

31,MedicalService3,true,2.15,0.0,0.0
31,DrugService,true,5.0,0.0,0.0
31,AssistanceService,true,7.15

32,AlarmService1,true,4.0,0.0,0.0
32,AssistanceService,true,4.0

33,AlarmService3,true,2.0,0.0,0.0
33,AssistanceService,true,2.0

34,MedicalService1,true,4.0,0.0,0.0
34,AlarmService3,true,2.0,0.0,0.0
34,AssistanceService,true,6.0

35,MedicalService2,true,14.0,0.0,0.0
35,DrugService,true,5.0,0.0,0.0
35,AssistanceService,true,19.0

36,MedicalService1,true,4.0,0.0,0.0
36,AlarmService2,true,12.0,0.0,0.0
36,AssistanceService,true,16.0

37,MedicalService3,true,2.15,0.0,0.0
37,AlarmService1,true,4.0,0.0,0.0
37,AssistanceService,true,6.15

38,MedicalService3,true,2.15,0.0,0.0
38,DrugService,true,5.0,0.0,0.0
38,AssistanceService,true,7.15

39,MedicalService3,true,2.15,0.0,0.0
39,AlarmService3,true,2.0,0.0,0.0
39,AssistanceService,true,4.15

40,AlarmService1,true,4.0,0.0,0.0
40,AssistanceService,true,4.0

41,MedicalService2,true,14.0,0.0,0.0
41,AlarmService2,true,12.0,0.0,0.0
41,AssistanceService,true,26.0

42,MedicalService3,true,2.15,0.0,0.0
42,DrugService,true,5.0,0.0,0.0
42,AssistanceService,true,7.15

43,MedicalService1,true,4.0,0.0,0.0
43,DrugService,true,5.0,0.0,0.0
43,AssistanceService,true,9.0

44,AlarmService1,true,4.0,0.0,0.0
44,AssistanceService,true,4.0

45,MedicalService1,true,4.0,0.0,0.0
45,DrugService,true,5.0,0.0,0.0
45,AssistanceService,true,9.0

46,MedicalService2,true,14.0,0.0,0.0
46,DrugService,true,5.0,0.0,0.0
46,AssistanceService,true,19.0

47,AlarmService1,true,4.0,0.0,0.0
47,AssistanceService,true,4.0

48,MedicalService3,true,2.15,0.0,0.0
48,AlarmService3,true,2.0,0.0,0.0
48,AssistanceService,true,4.15

49,MedicalService3,true,2.15,0.0,0.0
49,DrugService,true,5.0,0.0,0.0
49,AssistanceService,true,7.15

50,MedicalService1,true,4.0,0.0,0.0
50,AlarmService2,true,12.0,0.0,0.0
50,AssistanceService,true,16.0

51,MedicalService2,true,14.0,0.0,0.0
51,DrugService,true,5.0,0.0,0.0
51,AssistanceService,true,19.0

52,MedicalService2,true,14.0,0.0,0.0
52,DrugService,true,5.0,0.0,0.0
52,AssistanceService,true,19.0

53,MedicalService2,true,14.0,0.0,0.0
53,DrugService,true,5.0,0.0,0.0
53,AssistanceService,true,19.0

54,MedicalService3,true,2.15,0.0,0.0
54,DrugService,true,5.0,0.0,0.0
54,AssistanceService,true,7.15

55,AlarmService3,true,2.0,0.0,0.0
55,AssistanceService,true,2.0

56,AlarmService2,true,12.0,0.0,0.0
56,AssistanceService,true,12.0

57,AlarmService2,true,12.0,0.0,0.0
57,AssistanceService,true,12.0

58,AlarmService3,true,2.0,0.0,0.0
58,AssistanceService,true,2.0

59,AlarmService2,true,12.0,0.0,0.0
59,AssistanceService,true,12.0

60,MedicalService2,true,14.0,0.0,0.0
60,AlarmService3,true,2.0,0.0,0.0
60,AssistanceService,true,16.0

61,MedicalService1,true,4.0,0.0,0.0
61,DrugService,true,5.0,0.0,0.0
61,AssistanceService,true,9.0

62,MedicalService1,true,4.0,0.0,0.0
62,DrugService,true,5.0,0.0,0.0
62,AssistanceService,true,9.0

63,MedicalService1,true,4.0,0.0,0.0
63,DrugService,true,5.0,0.0,0.0
63,AssistanceService,true,9.0

64,AlarmService1,true,4.0,0.0,0.0
64,AssistanceService,true,4.0

65,AlarmService2,true,12.0,0.0,0.0
65,AssistanceService,true,12.0

66,AlarmService3,true,2.0,0.0,0.0
66,AssistanceService,true,2.0

67,MedicalService2,true,14.0,0.0,0.0
67,AlarmService3,true,2.0,0.0,0.0
67,AssistanceService,true,16.0

68,MedicalService1,true,4.0,0.0,0.0
68,AlarmService2,true,12.0,0.0,0.0
68,AssistanceService,true,16.0

69,MedicalService1,true,4.0,0.0,0.0
69,DrugService,true,5.0,0.0,0.0
69,AssistanceService,true,9.0

70,MedicalService1,true,4.0,0.0,0.0
70,DrugService,true,5.0,0.0,0.0
70,AssistanceService,true,9.0

71,MedicalService1,true,4.0,0.0,0.0
71,DrugService,true,5.0,0.0,0.0
71,AssistanceService,true,9.0

72,MedicalService2,true,14.0,0.0,0.0
72,DrugService,true,5.0,0.0,0.0
72,AssistanceService,true,19.0

73,AlarmService1,true,4.0,0.0,0.0
73,AssistanceService,true,4.0

74,MedicalService1,true,4.0,0.0,0.0
74,AlarmService1,true,4.0,0.0,0.0
74,AssistanceService,true,8.0

75,MedicalService2,true,14.0,0.0,0.0
75,AlarmService1,true,4.0,0.0,0.0
75,AssistanceService,true,18.0

76,MedicalService2,true,14.0,0.0,0.0
76,DrugService,true,5.0,0.0,0.0
76,AssistanceService,true,19.0

77,MedicalService3,true,2.15,0.0,0.0
77,DrugService,true,5.0,0.0,0.0
77,AssistanceService,true,7.15

78,AlarmService3,true,2.0,0.0,0.0
78,AssistanceService,true,2.0

79,MedicalService3,true,2.15,0.0,0.0
79,AlarmService1,true,4.0,0.0,0.0
79,AssistanceService,true,6.15

80,MedicalService3,true,2.15,0.0,0.0
80,DrugService,true,5.0,0.0,0.0
80,AssistanceService,true,7.15

81,MedicalService3,true,2.15,0.0,0.0
81,AlarmService1,true,4.0,0.0,0.0
81,AssistanceService,true,6.15

82,AlarmService1,true,4.0,0.0,0.0
82,AssistanceService,true,4.0

83,MedicalService1,true,4.0,0.0,0.0
83,DrugService,true,5.0,0.0,0.0
83,AssistanceService,true,9.0

84,MedicalService2,true,14.0,0.0,0.0
84,DrugService,true,5.0,0.0,0.0
84,AssistanceService,true,19.0

85,MedicalService3,true,2.15,0.0,0.0
85,DrugService,true,5.0,0.0,0.0
85,AssistanceService,true,7.15

86,MedicalService3,true,2.15,0.0,0.0
86,DrugService,true,5.0,0.0,0.0
86,AssistanceService,true,7.15

87,MedicalService3,true,2.15,0.0,0.0
87,DrugService,true,5.0,0.0,0.0
87,AssistanceService,true,7.15

88,MedicalService2,true,14.0,0.0,0.0
88,AlarmService3,true,2.0,0.0,0.0
88,AssistanceService,true,16.0

89,MedicalService2,true,14.0,0.0,0.0
89,DrugService,true,5.0,0.0,0.0
89,AssistanceService,true,19.0

90,AlarmService2,true,12.0,0.0,0.0
90,AssistanceService,true,12.0

91,AlarmService3,true,2.0,0.0,0.0
91,AssistanceService,true,2.0

92,MedicalService1,true,4.0,0.0,0.0
92,DrugService,true,5.0,0.0,0.0
92,AssistanceService,true,9.0

93,AlarmService3,true,2.0,0.0,0.0
93,AssistanceService,true,2.0

94,AlarmService1,true,4.0,0.0,0.0
94,AssistanceService,true,4.0

95,AlarmService1,true,4.0,0.0,0.0
95,AssistanceService,true,4.0

96,MedicalService3,true,2.15,0.0,0.0
96,AlarmService3,true,2.0,0.0,0.0
96,AssistanceService,true,4.15

97,MedicalService1,true,4.0,0.0,0.0
97,AlarmService3,true,2.0,0.0,0.0
97,AssistanceService,true,6.0

98,MedicalService2,true,14.0,0.0,0.0
98,DrugService,true,5.0,0.0,0.0
98,AssistanceService,true,19.0

99,AlarmService3,true,2.0,0.0,0.0
99,AssistanceService,true,2.0

100,MedicalService1,true,4.0,0.0,0.0
100,DrugService,true,5.0,0.0,0.0
100,AssistanceService,true,9.0

101,AlarmService1,true,4.0,0.0,0.0
101,AssistanceService,true,4.0

102,MedicalService3,true,2.15,0.0,0.0
102,AlarmService3,true,2.0,0.0,0.0
102,AssistanceService,true,4.15

103,MedicalService1,true,4.0,0.0,0.0
103,DrugService,true,5.0,0.0,0.0
103,AssistanceService,true,9.0

104,AlarmService3,true,2.0,0.0,0.0
104,AssistanceService,true,2.0

105,AlarmService3,true,2.0,0.0,0.0
105,AssistanceService,true,2.0

106,MedicalService1,true,4.0,0.0,0.0
106,DrugService,true,5.0,0.0,0.0
106,AssistanceService,true,9.0

107,MedicalService1,true,4.0,0.0,0.0
107,DrugService,true,5.0,0.0,0.0
107,AssistanceService,true,9.0

108,MedicalService2,true,14.0,0.0,0.0
108,AlarmService1,true,4.0,0.0,0.0
108,AssistanceService,true,18.0

109,MedicalService1,true,4.0,0.0,0.0
109,DrugService,true,5.0,0.0,0.0
109,AssistanceService,true,9.0

110,MedicalService3,true,2.15,0.0,0.0
110,AlarmService3,true,2.0,0.0,0.0
110,AssistanceService,true,4.15

111,AlarmService1,true,4.0,0.0,0.0
111,AssistanceService,true,4.0

112,MedicalService3,true,2.15,0.0,0.0
112,DrugService,true,5.0,0.0,0.0
112,AssistanceService,true,7.15

113,AlarmService2,true,12.0,0.0,0.0
113,AssistanceService,true,12.0

114,AlarmService1,true,4.0,0.0,0.0
114,AssistanceService,true,4.0

115,MedicalService2,true,14.0,0.0,0.0
115,DrugService,true,5.0,0.0,0.0
115,AssistanceService,true,19.0

116,AlarmService1,true,4.0,0.0,0.0
116,AssistanceService,true,4.0

117,AlarmService2,true,12.0,0.0,0.0
117,AssistanceService,true,12.0

118,AlarmService1,true,4.0,0.0,0.0
118,AssistanceService,true,4.0

119,MedicalService1,true,4.0,0.0,0.0
119,DrugService,true,5.0,0.0,0.0
119,AssistanceService,true,9.0

120,MedicalService3,true,2.15,0.0,0.0
120,DrugService,true,5.0,0.0,0.0
120,AssistanceService,true,7.15

121,MedicalService3,true,2.15,0.0,0.0
121,AlarmService1,true,4.0,0.0,0.0
121,AssistanceService,true,6.15

122,MedicalService1,true,4.0,0.0,0.0
122,AlarmService1,true,4.0,0.0,0.0
122,AssistanceService,true,8.0

123,MedicalService1,true,4.0,0.0,0.0
123,AlarmService1,true,4.0,0.0,0.0
123,AssistanceService,true,8.0

124,MedicalService1,true,4.0,0.0,0.0
124,DrugService,true,5.0,0.0,0.0
124,AssistanceService,true,9.0

125,MedicalService3,true,2.15,0.0,0.0
125,DrugService,true,5.0,0.0,0.0
125,AssistanceService,true,7.15

126,AlarmService3,true,2.0,0.0,0.0
126,AssistanceService,true,2.0

127,MedicalService3,true,2.15,0.0,0.0
127,AlarmService3,true,2.0,0.0,0.0
127,AssistanceService,true,4.15

128,AlarmService1,true,4.0,0.0,0.0
128,AssistanceService,true,4.0

129,MedicalService2,true,14.0,0.0,0.0
129,DrugService,true,5.0,0.0,0.0
129,AssistanceService,true,19.0

130,MedicalService1,true,4.0,0.0,0.0
130,AlarmService3,true,2.0,0.0,0.0
130,AssistanceService,true,6.0

131,MedicalService1,true,4.0,0.0,0.0
131,AlarmService2,true,12.0,0.0,0.0
131,AssistanceService,true,16.0

132,MedicalService2,true,14.0,0.0,0.0
132,DrugService,true,5.0,0.0,0.0
132,AssistanceService,true,19.0

133,AlarmService1,true,4.0,0.0,0.0
133,AssistanceService,true,4.0

134,MedicalService2,true,14.0,0.0,0.0
134,AlarmService3,true,2.0,0.0,0.0
134,AssistanceService,true,16.0

135,AlarmService3,true,2.0,0.0,0.0
135,AssistanceService,true,2.0

136,MedicalService1,true,4.0,0.0,0.0
136,DrugService,true,5.0,0.0,0.0
136,AssistanceService,true,9.0

137,MedicalService2,true,14.0,0.0,0.0
137,AlarmService2,true,12.0,0.0,0.0
137,AssistanceService,true,26.0

138,MedicalService2,true,14.0,0.0,0.0
138,DrugService,true,5.0,0.0,0.0
138,AssistanceService,true,19.0

139,MedicalService2,true,14.0,0.0,0.0
139,AlarmService3,true,2.0,0.0,0.0
139,AssistanceService,true,16.0

140,MedicalService1,true,4.0,0.0,0.0
140,DrugService,true,5.0,0.0,0.0
140,AssistanceService,true,9.0

141,MedicalService2,true,14.0,0.0,0.0
141,AlarmService3,true,2.0,0.0,0.0
141,AssistanceService,true,16.0

142,AlarmService3,true,2.0,0.0,0.0
142,AssistanceService,true,2.0

143,AlarmService3,true,2.0,0.0,0.0
143,AssistanceService,true,2.0

144,AlarmService2,true,12.0,0.0,0.0
144,AssistanceService,true,12.0

145,MedicalService1,true,4.0,0.0,0.0
145,AlarmService3,true,2.0,0.0,0.0
145,AssistanceService,true,6.0

146,MedicalService2,true,14.0,0.0,0.0
146,AlarmService3,true,2.0,0.0,0.0
146,AssistanceService,true,16.0

147,MedicalService3,true,2.15,0.0,0.0
147,DrugService,true,5.0,0.0,0.0
147,AssistanceService,true,7.15

148,AlarmService2,true,12.0,0.0,0.0
148,AssistanceService,true,12.0

149,MedicalService3,true,2.15,0.0,0.0
149,DrugService,true,5.0,0.0,0.0
149,AssistanceService,true,7.15

150,MedicalService3,true,2.15,0.0,0.0
150,AlarmService1,true,4.0,0.0,0.0
150,AssistanceService,true,6.15

151,MedicalService2,true,14.0,0.0,0.0
151,DrugService,true,5.0,0.0,0.0
151,AssistanceService,true,19.0

152,MedicalService2,true,14.0,0.0,0.0
152,DrugService,true,5.0,0.0,0.0
152,AssistanceService,true,19.0

153,MedicalService1,true,4.0,0.0,0.0
153,AlarmService1,true,4.0,0.0,0.0
153,AssistanceService,true,8.0

154,MedicalService2,true,14.0,0.0,0.0
154,DrugService,true,5.0,0.0,0.0
154,AssistanceService,true,19.0

155,AlarmService2,true,12.0,0.0,0.0
155,AssistanceService,true,12.0

156,MedicalService2,true,14.0,0.0,0.0
156,DrugService,true,5.0,0.0,0.0
156,AssistanceService,true,19.0

157,MedicalService2,true,14.0,0.0,0.0
157,AlarmService1,true,4.0,0.0,0.0
157,AssistanceService,true,18.0

158,MedicalService2,true,14.0,0.0,0.0
158,DrugService,true,5.0,0.0,0.0
158,AssistanceService,true,19.0

159,MedicalService2,true,14.0,0.0,0.0
159,AlarmService1,true,4.0,0.0,0.0
159,AssistanceService,true,18.0

160,AlarmService2,true,12.0,0.0,0.0
160,AssistanceService,true,12.0

161,MedicalService2,true,14.0,0.0,0.0
161,AlarmService2,true,12.0,0.0,0.0
161,AssistanceService,true,26.0

162,MedicalService1,true,4.0,0.0,0.0
162,AlarmService3,true,2.0,0.0,0.0
162,AssistanceService,true,6.0

163,MedicalService1,true,4.0,0.0,0.0
163,DrugService,true,5.0,0.0,0.0
163,AssistanceService,true,9.0

164,MedicalService1,true,4.0,0.0,0.0
164,DrugService,true,5.0,0.0,0.0
164,AssistanceService,true,9.0

165,AlarmService2,true,12.0,0.0,0.0
165,AssistanceService,true,12.0

166,AlarmService3,true,2.0,0.0,0.0
166,AssistanceService,true,2.0

167,MedicalService3,true,2.15,0.0,0.0
167,DrugService,true,5.0,0.0,0.0
167,AssistanceService,true,7.15

168,MedicalService2,true,14.0,0.0,0.0
168,DrugService,true,5.0,0.0,0.0
168,AssistanceService,true,19.0

169,MedicalService1,true,4.0,0.0,0.0
169,DrugService,true,5.0,0.0,0.0
169,AssistanceService,true,9.0

170,MedicalService1,true,4.0,0.0,0.0
170,AlarmService2,true,12.0,0.0,0.0
170,AssistanceService,true,16.0

171,MedicalService2,true,14.0,0.0,0.0
171,DrugService,true,5.0,0.0,0.0
171,AssistanceService,true,19.0

172,MedicalService1,true,4.0,0.0,0.0
172,DrugService,true,5.0,0.0,0.0
172,AssistanceService,true,9.0

173,MedicalService2,true,14.0,0.0,0.0
173,DrugService,true,5.0,0.0,0.0
173,AssistanceService,true,19.0

174,MedicalService3,true,2.15,0.0,0.0
174,AlarmService3,true,2.0,0.0,0.0
174,AssistanceService,true,4.15

175,MedicalService1,true,4.0,0.0,0.0
175,DrugService,true,5.0,0.0,0.0
175,AssistanceService,true,9.0

176,AlarmService2,true,12.0,0.0,0.0
176,AssistanceService,true,12.0

177,MedicalService2,true,14.0,0.0,0.0
177,AlarmService1,true,4.0,0.0,0.0
177,AssistanceService,true,18.0

178,MedicalService3,true,2.15,0.0,0.0
178,DrugService,true,5.0,0.0,0.0
178,AssistanceService,true,7.15

179,MedicalService3,true,2.15,0.0,0.0
179,DrugService,true,5.0,0.0,0.0
179,AssistanceService,true,7.15

180,MedicalService1,true,4.0,0.0,0.0
180,AlarmService3,true,2.0,0.0,0.0
180,AssistanceService,true,6.0

181,MedicalService1,true,4.0,0.0,0.0
181,DrugService,true,5.0,0.0,0.0
181,AssistanceService,true,9.0

182,MedicalService3,true,2.15,0.0,0.0
182,AlarmService2,true,12.0,0.0,0.0
182,AssistanceService,true,14.15

183,MedicalService3,true,2.15,0.0,0.0
183,DrugService,true,5.0,0.0,0.0
183,AssistanceService,true,7.15

184,MedicalService3,true,2.15,0.0,0.0
184,AlarmService3,true,2.0,0.0,0.0
184,AssistanceService,true,4.15

185,MedicalService3,true,2.15,0.0,0.0
185,DrugService,true,5.0,0.0,0.0
185,AssistanceService,true,7.15

186,MedicalService2,true,14.0,0.0,0.0
186,DrugService,true,5.0,0.0,0.0
186,AssistanceService,true,19.0

187,MedicalService2,true,14.0,0.0,0.0
187,AlarmService3,true,2.0,0.0,0.0
187,AssistanceService,true,16.0

188,MedicalService3,true,2.15,0.0,0.0
188,DrugService,true,5.0,0.0,0.0
188,AssistanceService,true,7.15

189,MedicalService1,true,4.0,0.0,0.0
189,DrugService,true,5.0,0.0,0.0
189,AssistanceService,true,9.0

190,MedicalService3,true,2.15,0.0,0.0
190,DrugService,true,5.0,0.0,0.0
190,AssistanceService,true,7.15

191,MedicalService1,true,4.0,0.0,0.0
191,DrugService,true,5.0,0.0,0.0
191,AssistanceService,true,9.0

192,MedicalService1,true,4.0,0.0,0.0
192,DrugService,true,5.0,0.0,0.0
192,AssistanceService,true,9.0

193,MedicalService1,true,4.0,0.0,0.0
193,AlarmService3,true,2.0,0.0,0.0
193,AssistanceService,true,6.0

194,MedicalService3,true,2.15,0.0,0.0
194,DrugService,true,5.0,0.0,0.0
194,AssistanceService,true,7.15

195,MedicalService2,true,14.0,0.0,0.0
195,DrugService,true,5.0,0.0,0.0
195,AssistanceService,true,19.0

196,AlarmService3,true,2.0,0.0,0.0
196,AssistanceService,true,2.0

197,MedicalService3,true,2.15,0.0,0.0
197,DrugService,true,5.0,0.0,0.0
197,AssistanceService,true,7.15

198,MedicalService2,true,14.0,0.0,0.0
198,AlarmService3,true,2.0,0.0,0.0
198,AssistanceService,true,16.0

199,MedicalService2,true,14.0,0.0,0.0
199,DrugService,true,5.0,0.0,0.0
199,AssistanceService,true,19.0

200,MedicalService3,true,2.15,0.0,0.0
200,DrugService,true,5.0,0.0,0.0
200,AssistanceService,true,7.15

201,MedicalService3,true,2.15,0.0,0.0
201,DrugService,true,5.0,0.0,0.0
201,AssistanceService,true,7.15

202,MedicalService2,true,14.0,0.0,0.0
202,DrugService,true,5.0,0.0,0.0
202,AssistanceService,true,19.0

203,MedicalService2,true,14.0,0.0,0.0
203,AlarmService1,true,4.0,0.0,0.0
203,AssistanceService,true,18.0

204,MedicalService2,true,14.0,0.0,0.0
204,DrugService,true,5.0,0.0,0.0
204,AssistanceService,true,19.0

205,MedicalService1,true,4.0,0.0,0.0
205,AlarmService3,true,2.0,0.0,0.0
205,AssistanceService,true,6.0

206,MedicalService2,true,14.0,0.0,0.0
206,DrugService,true,5.0,0.0,0.0
206,AssistanceService,true,19.0

207,MedicalService3,true,2.15,0.0,0.0
207,AlarmService2,true,12.0,0.0,0.0
207,AssistanceService,true,14.15

208,MedicalService1,true,4.0,0.0,0.0
208,DrugService,true,5.0,0.0,0.0
208,AssistanceService,true,9.0

209,MedicalService3,true,2.15,0.0,0.0
209,DrugService,true,5.0,0.0,0.0
209,AssistanceService,true,7.15

210,MedicalService2,true,14.0,0.0,0.0
210,DrugService,true,5.0,0.0,0.0
210,AssistanceService,true,19.0

211,AlarmService1,true,4.0,0.0,0.0
211,AssistanceService,true,4.0

212,AlarmService1,true,4.0,0.0,0.0
212,AssistanceService,true,4.0

213,AlarmService2,true,12.0,0.0,0.0
213,AssistanceService,true,12.0

214,MedicalService3,true,2.15,0.0,0.0
214,AlarmService2,true,12.0,0.0,0.0
214,AssistanceService,true,14.15

215,MedicalService3,true,2.15,0.0,0.0
215,DrugService,true,5.0,0.0,0.0
215,AssistanceService,true,7.15

216,MedicalService3,true,2.15,0.0,0.0
216,DrugService,true,5.0,0.0,0.0
216,AssistanceService,true,7.15

217,MedicalService3,true,2.15,0.0,0.0
217,AlarmService1,true,4.0,0.0,0.0
217,AssistanceService,true,6.15

218,MedicalService3,true,2.15,0.0,0.0
218,DrugService,true,5.0,0.0,0.0
218,AssistanceService,true,7.15

219,MedicalService2,true,14.0,0.0,0.0
219,DrugService,true,5.0,0.0,0.0
219,AssistanceService,true,19.0

220,MedicalService2,true,14.0,0.0,0.0
220,DrugService,true,5.0,0.0,0.0
220,AssistanceService,true,19.0

221,MedicalService2,true,14.0,0.0,0.0
221,AlarmService2,true,12.0,0.0,0.0
221,AssistanceService,true,26.0

222,AlarmService2,true,12.0,0.0,0.0
222,AssistanceService,true,12.0

223,MedicalService1,true,4.0,0.0,0.0
223,DrugService,true,5.0,0.0,0.0
223,AssistanceService,true,9.0

224,AlarmService3,true,2.0,0.0,0.0
224,AssistanceService,true,2.0

225,MedicalService3,true,2.15,0.0,0.0
225,DrugService,true,5.0,0.0,0.0
225,AssistanceService,true,7.15

226,MedicalService1,true,4.0,0.0,0.0
226,DrugService,true,5.0,0.0,0.0
226,AssistanceService,true,9.0

227,MedicalService2,true,14.0,0.0,0.0
227,AlarmService3,true,2.0,0.0,0.0
227,AssistanceService,true,16.0

228,MedicalService3,true,2.15,0.0,0.0
228,DrugService,true,5.0,0.0,0.0
228,AssistanceService,true,7.15

229,MedicalService2,true,14.0,0.0,0.0
229,DrugService,true,5.0,0.0,0.0
229,AssistanceService,true,19.0

230,MedicalService2,true,14.0,0.0,0.0
230,AlarmService2,true,12.0,0.0,0.0
230,AssistanceService,true,26.0

231,MedicalService2,true,14.0,0.0,0.0
231,DrugService,true,5.0,0.0,0.0
231,AssistanceService,true,19.0

232,AlarmService2,true,12.0,0.0,0.0
232,AssistanceService,true,12.0

233,MedicalService1,true,4.0,0.0,0.0
233,AlarmService2,true,12.0,0.0,0.0
233,AssistanceService,true,16.0

234,MedicalService1,true,4.0,0.0,0.0
234,DrugService,true,5.0,0.0,0.0
234,AssistanceService,true,9.0

235,MedicalService1,true,4.0,0.0,0.0
235,AlarmService3,true,2.0,0.0,0.0
235,AssistanceService,true,6.0

236,MedicalService3,true,2.15,0.0,0.0
236,AlarmService2,true,12.0,0.0,0.0
236,AssistanceService,true,14.15

237,AlarmService1,true,4.0,0.0,0.0
237,AssistanceService,true,4.0

238,MedicalService2,true,14.0,0.0,0.0
238,AlarmService1,true,4.0,0.0,0.0
238,AssistanceService,true,18.0

239,MedicalService3,true,2.15,0.0,0.0
239,DrugService,true,5.0,0.0,0.0
239,AssistanceService,true,7.15

240,MedicalService1,true,4.0,0.0,0.0
240,DrugService,true,5.0,0.0,0.0
240,AssistanceService,true,9.0

241,MedicalService2,true,14.0,0.0,0.0
241,AlarmService1,true,4.0,0.0,0.0
241,AssistanceService,true,18.0

242,MedicalService1,true,4.0,0.0,0.0
242,DrugService,true,5.0,0.0,0.0
242,AssistanceService,true,9.0

243,MedicalService3,true,2.15,0.0,0.0
243,AlarmService2,true,12.0,0.0,0.0
243,AssistanceService,true,14.15

244,MedicalService3,true,2.15,0.0,0.0
244,DrugService,true,5.0,0.0,0.0
244,AssistanceService,true,7.15

245,MedicalService3,true,2.15,0.0,0.0
245,DrugService,true,5.0,0.0,0.0
245,AssistanceService,true,7.15

246,MedicalService1,true,4.0,0.0,0.0
246,AlarmService2,true,12.0,0.0,0.0
246,AssistanceService,true,16.0

247,MedicalService1,true,4.0,0.0,0.0
247,DrugService,true,5.0,0.0,0.0
247,AssistanceService,true,9.0

248,AlarmService3,true,2.0,0.0,0.0
248,AssistanceService,true,2.0

249,MedicalService1,true,4.0,0.0,0.0
249,AlarmService3,true,2.0,0.0,0.0
249,AssistanceService,true,6.0

250,MedicalService2,true,14.0,0.0,0.0
250,AlarmService1,true,4.0,0.0,0.0
250,AssistanceService,true,18.0

251,MedicalService3,true,2.15,0.0,0.0
251,DrugService,true,5.0,0.0,0.0
251,AssistanceService,true,7.15

252,MedicalService2,true,14.0,0.0,0.0
252,DrugService,true,5.0,0.0,0.0
252,AssistanceService,true,19.0

253,MedicalService1,true,4.0,0.0,0.0
253,AlarmService3,true,2.0,0.0,0.0
253,AssistanceService,true,6.0

254,MedicalService3,true,2.15,0.0,0.0
254,DrugService,true,5.0,0.0,0.0
254,AssistanceService,true,7.15

255,MedicalService1,true,4.0,0.0,0.0
255,DrugService,true,5.0,0.0,0.0
255,AssistanceService,true,9.0

256,MedicalService2,true,14.0,0.0,0.0
256,DrugService,true,5.0,0.0,0.0
256,AssistanceService,true,19.0

257,MedicalService1,true,4.0,0.0,0.0
257,DrugService,true,5.0,0.0,0.0
257,AssistanceService,true,9.0

258,MedicalService2,true,14.0,0.0,0.0
258,DrugService,true,5.0,0.0,0.0
258,AssistanceService,true,19.0

259,AlarmService3,true,2.0,0.0,0.0
259,AssistanceService,true,2.0

260,AlarmService2,true,12.0,0.0,0.0
260,AssistanceService,true,12.0

261,MedicalService1,true,4.0,0.0,0.0
261,DrugService,true,5.0,0.0,0.0
261,AssistanceService,true,9.0

262,MedicalService3,true,2.15,0.0,0.0
262,AlarmService2,true,12.0,0.0,0.0
262,AssistanceService,true,14.15

263,MedicalService3,true,2.15,0.0,0.0
263,DrugService,true,5.0,0.0,0.0
263,AssistanceService,true,7.15

264,AlarmService3,true,2.0,0.0,0.0
264,AssistanceService,true,2.0

265,MedicalService3,true,2.15,0.0,0.0
265,DrugService,true,5.0,0.0,0.0
265,AssistanceService,true,7.15

266,MedicalService1,true,4.0,0.0,0.0
266,DrugService,true,5.0,0.0,0.0
266,AssistanceService,true,9.0

267,MedicalService3,true,2.15,0.0,0.0
267,AlarmService2,true,12.0,0.0,0.0
267,AssistanceService,true,14.15

268,MedicalService2,true,14.0,0.0,0.0
268,AlarmService1,true,4.0,0.0,0.0
268,AssistanceService,true,18.0

269,AlarmService3,true,2.0,0.0,0.0
269,AssistanceService,true,2.0

270,AlarmService1,true,4.0,0.0,0.0
270,AssistanceService,true,4.0

271,MedicalService1,true,4.0,0.0,0.0
271,DrugService,true,5.0,0.0,0.0
271,AssistanceService,true,9.0

272,MedicalService1,true,4.0,0.0,0.0
272,DrugService,true,5.0,0.0,0.0
272,AssistanceService,true,9.0

273,AlarmService3,true,2.0,0.0,0.0
273,AssistanceService,true,2.0

274,AlarmService2,true,12.0,0.0,0.0
274,AssistanceService,true,12.0

275,MedicalService2,true,14.0,0.0,0.0
275,DrugService,true,5.0,0.0,0.0
275,AssistanceService,true,19.0

276,MedicalService1,true,4.0,0.0,0.0
276,AlarmService2,true,12.0,0.0,0.0
276,AssistanceService,true,16.0

277,MedicalService2,true,14.0,0.0,0.0
277,DrugService,true,5.0,0.0,0.0
277,AssistanceService,true,19.0

278,MedicalService1,true,4.0,0.0,0.0
278,DrugService,true,5.0,0.0,0.0
278,AssistanceService,true,9.0

279,AlarmService3,true,2.0,0.0,0.0
279,AssistanceService,true,2.0

280,MedicalService2,true,14.0,0.0,0.0
280,DrugService,true,5.0,0.0,0.0
280,AssistanceService,true,19.0

281,MedicalService2,true,14.0,0.0,0.0
281,DrugService,true,5.0,0.0,0.0
281,AssistanceService,true,19.0

282,MedicalService1,true,4.0,0.0,0.0
282,DrugService,true,5.0,0.0,0.0
282,AssistanceService,true,9.0

283,AlarmService2,true,12.0,0.0,0.0
283,AssistanceService,true,12.0

284,MedicalService2,true,14.0,0.0,0.0
284,DrugService,true,5.0,0.0,0.0
284,AssistanceService,true,19.0

285,AlarmService2,true,12.0,0.0,0.0
285,AssistanceService,true,12.0

286,MedicalService1,true,4.0,0.0,0.0
286,AlarmService3,true,2.0,0.0,0.0
286,AssistanceService,true,6.0

287,MedicalService3,true,2.15,0.0,0.0
287,DrugService,true,5.0,0.0,0.0
287,AssistanceService,true,7.15

288,MedicalService3,true,2.15,0.0,0.0
288,DrugService,true,5.0,0.0,0.0
288,AssistanceService,true,7.15

289,AlarmService1,true,4.0,0.0,0.0
289,AssistanceService,true,4.0

290,MedicalService3,true,2.15,0.0,0.0
290,DrugService,true,5.0,0.0,0.0
290,AssistanceService,true,7.15

291,MedicalService3,true,2.15,0.0,0.0
291,AlarmService3,true,2.0,0.0,0.0
291,AssistanceService,true,4.15

292,MedicalService2,true,14.0,0.0,0.0
292,DrugService,true,5.0,0.0,0.0
292,AssistanceService,true,19.0

293,MedicalService2,true,14.0,0.0,0.0
293,AlarmService1,true,4.0,0.0,0.0
293,AssistanceService,true,18.0

294,MedicalService1,true,4.0,0.0,0.0
294,DrugService,true,5.0,0.0,0.0
294,AssistanceService,true,9.0

295,MedicalService1,true,4.0,0.0,0.0
295,AlarmService3,true,2.0,0.0,0.0
295,AssistanceService,true,6.0

296,MedicalService1,true,4.0,0.0,0.0
296,DrugService,true,5.0,0.0,0.0
296,AssistanceService,true,9.0

297,MedicalService3,true,2.15,0.0,0.0
297,AlarmService2,true,12.0,0.0,0.0
297,AssistanceService,true,14.15

298,MedicalService1,true,4.0,0.0,0.0
298,DrugService,true,5.0,0.0,0.0
298,AssistanceService,true,9.0

299,MedicalService1,true,4.0,0.0,0.0
299,DrugService,true,5.0,0.0,0.0
299,AssistanceService,true,9.0

300,MedicalService3,true,2.15,0.0,0.0
300,DrugService,true,5.0,0.0,0.0
300,AssistanceService,true,7.15

301,AlarmService1,true,4.0,0.0,0.0
301,AssistanceService,true,4.0

302,MedicalService3,true,2.15,0.0,0.0
302,AlarmService3,true,2.0,0.0,0.0
302,AssistanceService,true,4.15

303,MedicalService2,true,14.0,0.0,0.0
303,AlarmService1,true,4.0,0.0,0.0
303,AssistanceService,true,18.0

304,MedicalService1,true,4.0,0.0,0.0
304,DrugService,true,5.0,0.0,0.0
304,AssistanceService,true,9.0

305,MedicalService2,true,14.0,0.0,0.0
305,AlarmService1,true,4.0,0.0,0.0
305,AssistanceService,true,18.0

306,AlarmService2,true,12.0,0.0,0.0
306,AssistanceService,true,12.0

307,MedicalService1,true,4.0,0.0,0.0
307,DrugService,true,5.0,0.0,0.0
307,AssistanceService,true,9.0

308,MedicalService1,true,4.0,0.0,0.0
308,AlarmService3,true,2.0,0.0,0.0
308,AssistanceService,true,6.0

309,MedicalService1,true,4.0,0.0,0.0
309,AlarmService2,true,12.0,0.0,0.0
309,AssistanceService,true,16.0

310,MedicalService3,true,2.15,0.0,0.0
310,DrugService,true,5.0,0.0,0.0
310,AssistanceService,true,7.15

311,AlarmService1,true,4.0,0.0,0.0
311,AssistanceService,true,4.0

312,MedicalService1,true,4.0,0.0,0.0
312,AlarmService2,true,12.0,0.0,0.0
312,AssistanceService,true,16.0

313,AlarmService2,true,12.0,0.0,0.0
313,AssistanceService,true,12.0

314,AlarmService3,true,2.0,0.0,0.0
314,AssistanceService,true,2.0

315,MedicalService1,true,4.0,0.0,0.0
315,DrugService,true,5.0,0.0,0.0
315,AssistanceService,true,9.0

316,MedicalService1,true,4.0,0.0,0.0
316,DrugService,true,5.0,0.0,0.0
316,AssistanceService,true,9.0

317,AlarmService1,true,4.0,0.0,0.0
317,AssistanceService,true,4.0

318,AlarmService2,true,12.0,0.0,0.0
318,AssistanceService,true,12.0

319,MedicalService3,true,2.15,0.0,0.0
319,DrugService,true,5.0,0.0,0.0
319,AssistanceService,true,7.15

320,MedicalService1,true,4.0,0.0,0.0
320,AlarmService2,true,12.0,0.0,0.0
320,AssistanceService,true,16.0

321,MedicalService1,true,4.0,0.0,0.0
321,DrugService,true,5.0,0.0,0.0
321,AssistanceService,true,9.0

322,MedicalService3,true,2.15,0.0,0.0
322,DrugService,true,5.0,0.0,0.0
322,AssistanceService,true,7.15

323,MedicalService2,true,14.0,0.0,0.0
323,DrugService,true,5.0,0.0,0.0
323,AssistanceService,true,19.0

324,AlarmService2,true,12.0,0.0,0.0
324,AssistanceService,true,12.0

325,AlarmService3,true,2.0,0.0,0.0
325,AssistanceService,true,2.0

326,AlarmService3,true,2.0,0.0,0.0
326,AssistanceService,true,2.0

327,MedicalService3,true,2.15,0.0,0.0
327,DrugService,true,5.0,0.0,0.0
327,AssistanceService,true,7.15

328,MedicalService1,true,4.0,0.0,0.0
328,DrugService,true,5.0,0.0,0.0
328,AssistanceService,true,9.0

329,AlarmService2,true,12.0,0.0,0.0
329,AssistanceService,true,12.0

330,MedicalService3,true,2.15,0.0,0.0
330,AlarmService3,true,2.0,0.0,0.0
330,AssistanceService,true,4.15

331,AlarmService3,true,2.0,0.0,0.0
331,AssistanceService,true,2.0

332,MedicalService3,true,2.15,0.0,0.0
332,DrugService,true,5.0,0.0,0.0
332,AssistanceService,true,7.15

333,MedicalService1,true,4.0,0.0,0.0
333,DrugService,true,5.0,0.0,0.0
333,AssistanceService,true,9.0

334,AlarmService1,true,4.0,0.0,0.0
334,AssistanceService,true,4.0

335,MedicalService2,true,14.0,0.0,0.0
335,DrugService,true,5.0,0.0,0.0
335,AssistanceService,true,19.0

336,MedicalService3,true,2.15,0.0,0.0
336,DrugService,true,5.0,0.0,0.0
336,AssistanceService,true,7.15

337,MedicalService2,true,14.0,0.0,0.0
337,DrugService,true,5.0,0.0,0.0
337,AssistanceService,true,19.0

338,MedicalService2,true,14.0,0.0,0.0
338,DrugService,true,5.0,0.0,0.0
338,AssistanceService,true,19.0

339,MedicalService1,true,4.0,0.0,0.0
339,DrugService,true,5.0,0.0,0.0
339,AssistanceService,true,9.0

340,MedicalService1,true,4.0,0.0,0.0
340,DrugService,true,5.0,0.0,0.0
340,AssistanceService,true,9.0

341,AlarmService1,true,4.0,0.0,0.0
341,AssistanceService,true,4.0

342,MedicalService2,true,14.0,0.0,0.0
342,AlarmService3,true,2.0,0.0,0.0
342,AssistanceService,true,16.0

343,MedicalService3,true,2.15,0.0,0.0
343,DrugService,true,5.0,0.0,0.0
343,AssistanceService,true,7.15

344,AlarmService1,true,4.0,0.0,0.0
344,AssistanceService,true,4.0

345,AlarmService1,true,4.0,0.0,0.0
345,AssistanceService,true,4.0

346,MedicalService2,true,14.0,0.0,0.0
346,AlarmService3,true,2.0,0.0,0.0
346,AssistanceService,true,16.0

347,MedicalService2,true,14.0,0.0,0.0
347,AlarmService2,true,12.0,0.0,0.0
347,AssistanceService,true,26.0

348,MedicalService3,true,2.15,0.0,0.0
348,DrugService,true,5.0,0.0,0.0
348,AssistanceService,true,7.15

349,MedicalService1,true,4.0,0.0,0.0
349,DrugService,true,5.0,0.0,0.0
349,AssistanceService,true,9.0

350,AlarmService3,true,2.0,0.0,0.0
350,AssistanceService,true,2.0

351,AlarmService2,true,12.0,0.0,0.0
351,AssistanceService,true,12.0

352,MedicalService1,true,4.0,0.0,0.0
352,DrugService,true,5.0,0.0,0.0
352,AssistanceService,true,9.0

353,MedicalService2,true,14.0,0.0,0.0
353,DrugService,true,5.0,0.0,0.0
353,AssistanceService,true,19.0

354,MedicalService2,true,14.0,0.0,0.0
354,DrugService,true,5.0,0.0,0.0
354,AssistanceService,true,19.0

355,MedicalService3,true,2.15,0.0,0.0
355,DrugService,true,5.0,0.0,0.0
355,AssistanceService,true,7.15

356,MedicalService2,true,14.0,0.0,0.0
356,AlarmService2,true,12.0,0.0,0.0
356,AssistanceService,true,26.0

357,MedicalService1,true,4.0,0.0,0.0
357,DrugService,true,5.0,0.0,0.0
357,AssistanceService,true,9.0

358,MedicalService3,true,2.15,0.0,0.0
358,AlarmService3,true,2.0,0.0,0.0
358,AssistanceService,true,4.15

359,AlarmService1,true,4.0,0.0,0.0
359,AssistanceService,true,4.0

360,MedicalService3,true,2.15,0.0,0.0
360,AlarmService1,true,4.0,0.0,0.0
360,AssistanceService,true,6.15

361,MedicalService1,true,4.0,0.0,0.0
361,AlarmService2,true,12.0,0.0,0.0
361,AssistanceService,true,16.0

362,AlarmService3,true,2.0,0.0,0.0
362,AssistanceService,true,2.0

363,MedicalService1,true,4.0,0.0,0.0
363,DrugService,true,5.0,0.0,0.0
363,AssistanceService,true,9.0

364,MedicalService1,true,4.0,0.0,0.0
364,AlarmService2,true,12.0,0.0,0.0
364,AssistanceService,true,16.0

365,MedicalService3,true,2.15,0.0,0.0
365,AlarmService3,true,2.0,0.0,0.0
365,AssistanceService,true,4.15

366,AlarmService3,true,2.0,0.0,0.0
366,AssistanceService,true,2.0

367,AlarmService3,true,2.0,0.0,0.0
367,AssistanceService,true,2.0

368,MedicalService1,true,4.0,0.0,0.0
368,DrugService,true,5.0,0.0,0.0
368,AssistanceService,true,9.0

369,AlarmService2,true,12.0,0.0,0.0
369,AssistanceService,true,12.0

370,MedicalService1,true,4.0,0.0,0.0
370,AlarmService1,true,4.0,0.0,0.0
370,AssistanceService,true,8.0

371,AlarmService2,true,12.0,0.0,0.0
371,AssistanceService,true,12.0

372,MedicalService3,true,2.15,0.0,0.0
372,DrugService,true,5.0,0.0,0.0
372,AssistanceService,true,7.15

373,MedicalService3,true,2.15,0.0,0.0
373,DrugService,true,5.0,0.0,0.0
373,AssistanceService,true,7.15

374,MedicalService1,true,4.0,0.0,0.0
374,AlarmService3,true,2.0,0.0,0.0
374,AssistanceService,true,6.0

375,MedicalService2,true,14.0,0.0,0.0
375,DrugService,true,5.0,0.0,0.0
375,AssistanceService,true,19.0

376,MedicalService3,true,2.15,0.0,0.0
376,DrugService,true,5.0,0.0,0.0
376,AssistanceService,true,7.15

377,AlarmService3,true,2.0,0.0,0.0
377,AssistanceService,true,2.0

378,MedicalService1,true,4.0,0.0,0.0
378,DrugService,true,5.0,0.0,0.0
378,AssistanceService,true,9.0

379,MedicalService2,true,14.0,0.0,0.0
379,DrugService,true,5.0,0.0,0.0
379,AssistanceService,true,19.0

380,MedicalService3,true,2.15,0.0,0.0
380,DrugService,true,5.0,0.0,0.0
380,AssistanceService,true,7.15

381,MedicalService1,true,4.0,0.0,0.0
381,DrugService,true,5.0,0.0,0.0
381,AssistanceService,true,9.0

382,MedicalService1,true,4.0,0.0,0.0
382,DrugService,true,5.0,0.0,0.0
382,AssistanceService,true,9.0

383,MedicalService1,true,4.0,0.0,0.0
383,AlarmService2,true,12.0,0.0,0.0
383,AssistanceService,true,16.0

384,MedicalService2,true,14.0,0.0,0.0
384,DrugService,true,5.0,0.0,0.0
384,AssistanceService,true,19.0

385,MedicalService3,true,2.15,0.0,0.0
385,DrugService,true,5.0,0.0,0.0
385,AssistanceService,true,7.15

386,MedicalService2,true,14.0,0.0,0.0
386,DrugService,true,5.0,0.0,0.0
386,AssistanceService,true,19.0

387,MedicalService3,true,2.15,0.0,0.0
387,DrugService,true,5.0,0.0,0.0
387,AssistanceService,true,7.15

388,MedicalService3,true,2.15,0.0,0.0
388,DrugService,true,5.0,0.0,0.0
388,AssistanceService,true,7.15

389,MedicalService2,true,14.0,0.0,0.0
389,DrugService,true,5.0,0.0,0.0
389,AssistanceService,true,19.0

390,AlarmService3,true,2.0,0.0,0.0
390,AssistanceService,true,2.0

391,MedicalService3,true,2.15,0.0,0.0
391,DrugService,true,5.0,0.0,0.0
391,AssistanceService,true,7.15

392,AlarmService3,true,2.0,0.0,0.0
392,AssistanceService,true,2.0

393,MedicalService2,true,14.0,0.0,0.0
393,AlarmService3,true,2.0,0.0,0.0
393,AssistanceService,true,16.0

394,MedicalService1,true,4.0,0.0,0.0
394,DrugService,true,5.0,0.0,0.0
394,AssistanceService,true,9.0

395,MedicalService1,true,4.0,0.0,0.0
395,AlarmService3,true,2.0,0.0,0.0
395,AssistanceService,true,6.0

396,AlarmService1,true,4.0,0.0,0.0
396,AssistanceService,true,4.0

397,MedicalService2,true,14.0,0.0,0.0
397,DrugService,true,5.0,0.0,0.0
397,AssistanceService,true,19.0

398,MedicalService3,true,2.15,0.0,0.0
398,DrugService,true,5.0,0.0,0.0
398,AssistanceService,true,7.15

399,MedicalService2,true,14.0,0.0,0.0
399,AlarmService3,true,2.0,0.0,0.0
399,AssistanceService,true,16.0

400,MedicalService2,true,14.0,0.0,0.0
400,AlarmService1,true,4.0,0.0,0.0
400,AssistanceService,true,18.0

401,AlarmService1,true,4.0,0.0,0.0
401,AssistanceService,true,4.0

402,AlarmService1,true,4.0,0.0,0.0
402,AssistanceService,true,4.0

403,MedicalService1,true,4.0,0.0,0.0
403,DrugService,true,5.0,0.0,0.0
403,AssistanceService,true,9.0

404,MedicalService2,true,14.0,0.0,0.0
404,DrugService,true,5.0,0.0,0.0
404,AssistanceService,true,19.0

405,MedicalService3,true,2.15,0.0,0.0
405,DrugService,true,5.0,0.0,0.0
405,AssistanceService,true,7.15

406,MedicalService1,true,4.0,0.0,0.0
406,AlarmService3,true,2.0,0.0,0.0
406,AssistanceService,true,6.0

407,MedicalService1,true,4.0,0.0,0.0
407,DrugService,true,5.0,0.0,0.0
407,AssistanceService,true,9.0

408,AlarmService1,true,4.0,0.0,0.0
408,AssistanceService,true,4.0

409,MedicalService1,true,4.0,0.0,0.0
409,DrugService,true,5.0,0.0,0.0
409,AssistanceService,true,9.0

410,MedicalService3,true,2.15,0.0,0.0
410,DrugService,true,5.0,0.0,0.0
410,AssistanceService,true,7.15

411,MedicalService1,true,4.0,0.0,0.0
411,DrugService,true,5.0,0.0,0.0
411,AssistanceService,true,9.0

412,MedicalService2,true,14.0,0.0,0.0
412,DrugService,true,5.0,0.0,0.0
412,AssistanceService,true,19.0

413,MedicalService1,true,4.0,0.0,0.0
413,DrugService,true,5.0,0.0,0.0
413,AssistanceService,true,9.0

414,MedicalService1,true,4.0,0.0,0.0
414,DrugService,true,5.0,0.0,0.0
414,AssistanceService,true,9.0

415,MedicalService3,true,2.15,0.0,0.0
415,DrugService,true,5.0,0.0,0.0
415,AssistanceService,true,7.15

416,AlarmService3,true,2.0,0.0,0.0
416,AssistanceService,true,2.0

417,MedicalService3,true,2.15,0.0,0.0
417,AlarmService1,true,4.0,0.0,0.0
417,AssistanceService,true,6.15

418,MedicalService3,true,2.15,0.0,0.0
418,DrugService,true,5.0,0.0,0.0
418,AssistanceService,true,7.15

419,MedicalService1,true,4.0,0.0,0.0
419,AlarmService1,true,4.0,0.0,0.0
419,AssistanceService,true,8.0

420,AlarmService1,true,4.0,0.0,0.0
420,AssistanceService,true,4.0

421,AlarmService2,true,12.0,0.0,0.0
421,AssistanceService,true,12.0

422,MedicalService2,true,14.0,0.0,0.0
422,AlarmService2,true,12.0,0.0,0.0
422,AssistanceService,true,26.0

423,MedicalService1,true,4.0,0.0,0.0
423,DrugService,true,5.0,0.0,0.0
423,AssistanceService,true,9.0

424,AlarmService2,true,12.0,0.0,0.0
424,AssistanceService,true,12.0

425,MedicalService2,true,14.0,0.0,0.0
425,DrugService,true,5.0,0.0,0.0
425,AssistanceService,true,19.0

426,MedicalService1,true,4.0,0.0,0.0
426,DrugService,true,5.0,0.0,0.0
426,AssistanceService,true,9.0

427,MedicalService1,true,4.0,0.0,0.0
427,AlarmService2,true,12.0,0.0,0.0
427,AssistanceService,true,16.0

428,MedicalService3,true,2.15,0.0,0.0
428,DrugService,true,5.0,0.0,0.0
428,AssistanceService,true,7.15

429,MedicalService1,true,4.0,0.0,0.0
429,DrugService,true,5.0,0.0,0.0
429,AssistanceService,true,9.0

430,MedicalService2,true,14.0,0.0,0.0
430,DrugService,true,5.0,0.0,0.0
430,AssistanceService,true,19.0

431,MedicalService2,true,14.0,0.0,0.0
431,AlarmService1,true,4.0,0.0,0.0
431,AssistanceService,true,18.0

432,AlarmService2,true,12.0,0.0,0.0
432,AssistanceService,true,12.0

433,MedicalService1,true,4.0,0.0,0.0
433,DrugService,true,5.0,0.0,0.0
433,AssistanceService,true,9.0

434,MedicalService3,true,2.15,0.0,0.0
434,AlarmService3,true,2.0,0.0,0.0
434,AssistanceService,true,4.15

435,MedicalService1,true,4.0,0.0,0.0
435,DrugService,true,5.0,0.0,0.0
435,AssistanceService,true,9.0

436,AlarmService2,true,12.0,0.0,0.0
436,AssistanceService,true,12.0

437,MedicalService3,true,2.15,0.0,0.0
437,DrugService,true,5.0,0.0,0.0
437,AssistanceService,true,7.15

438,MedicalService1,true,4.0,0.0,0.0
438,DrugService,true,5.0,0.0,0.0
438,AssistanceService,true,9.0

439,MedicalService2,true,14.0,0.0,0.0
439,AlarmService3,true,2.0,0.0,0.0
439,AssistanceService,true,16.0

440,AlarmService3,true,2.0,0.0,0.0
440,AssistanceService,true,2.0

441,AlarmService3,true,2.0,0.0,0.0
441,AssistanceService,true,2.0

442,MedicalService1,true,4.0,0.0,0.0
442,AlarmService3,true,2.0,0.0,0.0
442,AssistanceService,true,6.0

443,MedicalService1,true,4.0,0.0,0.0
443,DrugService,true,5.0,0.0,0.0
443,AssistanceService,true,9.0

444,MedicalService2,true,14.0,0.0,0.0
444,DrugService,true,5.0,0.0,0.0
444,AssistanceService,true,19.0

445,MedicalService1,true,4.0,0.0,0.0
445,AlarmService2,true,12.0,0.0,0.0
445,AssistanceService,true,16.0

446,AlarmService1,true,4.0,0.0,0.0
446,AssistanceService,true,4.0

447,MedicalService1,true,4.0,0.0,0.0
447,DrugService,true,5.0,0.0,0.0
447,AssistanceService,true,9.0

448,MedicalService3,true,2.15,0.0,0.0
448,DrugService,true,5.0,0.0,0.0
448,AssistanceService,true,7.15

449,MedicalService1,true,4.0,0.0,0.0
449,AlarmService2,true,12.0,0.0,0.0
449,AssistanceService,true,16.0

450,AlarmService3,true,2.0,0.0,0.0
450,AssistanceService,true,2.0

451,MedicalService3,true,2.15,0.0,0.0
451,AlarmService2,true,12.0,0.0,0.0
451,AssistanceService,true,14.15

452,AlarmService2,true,12.0,0.0,0.0
452,AssistanceService,true,12.0

453,MedicalService1,true,4.0,0.0,0.0
453,DrugService,true,5.0,0.0,0.0
453,AssistanceService,true,9.0

454,MedicalService3,true,2.15,0.0,0.0
454,DrugService,true,5.0,0.0,0.0
454,AssistanceService,true,7.15

455,AlarmService3,true,2.0,0.0,0.0
455,AssistanceService,true,2.0

456,MedicalService3,true,2.15,0.0,0.0
456,DrugService,true,5.0,0.0,0.0
456,AssistanceService,true,7.15

457,MedicalService3,true,2.15,0.0,0.0
457,DrugService,true,5.0,0.0,0.0
457,AssistanceService,true,7.15

458,MedicalService2,true,14.0,0.0,0.0
458,DrugService,true,5.0,0.0,0.0
458,AssistanceService,true,19.0

459,MedicalService2,true,14.0,0.0,0.0
459,AlarmService3,true,2.0,0.0,0.0
459,AssistanceService,true,16.0

460,AlarmService1,true,4.0,0.0,0.0
460,AssistanceService,true,4.0

461,MedicalService2,true,14.0,0.0,0.0
461,DrugService,true,5.0,0.0,0.0
461,AssistanceService,true,19.0

462,MedicalService2,true,14.0,0.0,0.0
462,DrugService,true,5.0,0.0,0.0
462,AssistanceService,true,19.0

463,MedicalService3,true,2.15,0.0,0.0
463,AlarmService2,true,12.0,0.0,0.0
463,AssistanceService,true,14.15

464,MedicalService1,true,4.0,0.0,0.0
464,DrugService,true,5.0,0.0,0.0
464,AssistanceService,true,9.0

465,AlarmService1,true,4.0,0.0,0.0
465,AssistanceService,true,4.0

466,AlarmService2,true,12.0,0.0,0.0
466,AssistanceService,true,12.0

467,AlarmService1,true,4.0,0.0,0.0
467,AssistanceService,true,4.0

468,MedicalService1,true,4.0,0.0,0.0
468,DrugService,true,5.0,0.0,0.0
468,AssistanceService,true,9.0

469,MedicalService2,true,14.0,0.0,0.0
469,AlarmService3,true,2.0,0.0,0.0
469,AssistanceService,true,16.0

470,MedicalService3,true,2.15,0.0,0.0
470,DrugService,true,5.0,0.0,0.0
470,AssistanceService,true,7.15

471,MedicalService1,true,4.0,0.0,0.0
471,DrugService,true,5.0,0.0,0.0
471,AssistanceService,true,9.0

472,MedicalService1,true,4.0,0.0,0.0
472,DrugService,true,5.0,0.0,0.0
472,AssistanceService,true,9.0

473,MedicalService2,true,14.0,0.0,0.0
473,DrugService,true,5.0,0.0,0.0
473,AssistanceService,true,19.0

474,AlarmService2,true,12.0,0.0,0.0
474,AssistanceService,true,12.0

475,MedicalService3,true,2.15,0.0,0.0
475,AlarmService1,true,4.0,0.0,0.0
475,AssistanceService,true,6.15

476,MedicalService3,true,2.15,0.0,0.0
476,DrugService,true,5.0,0.0,0.0
476,AssistanceService,true,7.15

477,MedicalService2,true,14.0,0.0,0.0
477,AlarmService3,true,2.0,0.0,0.0
477,AssistanceService,true,16.0

478,MedicalService1,true,4.0,0.0,0.0
478,DrugService,true,5.0,0.0,0.0
478,AssistanceService,true,9.0

479,MedicalService3,true,2.15,0.0,0.0
479,DrugService,true,5.0,0.0,0.0
479,AssistanceService,true,7.15

480,MedicalService3,true,2.15,0.0,0.0
480,DrugService,true,5.0,0.0,0.0
480,AssistanceService,true,7.15

481,MedicalService1,true,4.0,0.0,0.0
481,DrugService,true,5.0,0.0,0.0
481,AssistanceService,true,9.0

482,MedicalService1,true,4.0,0.0,0.0
482,DrugService,true,5.0,0.0,0.0
482,AssistanceService,true,9.0

483,AlarmService2,true,12.0,0.0,0.0
483,AssistanceService,true,12.0

484,MedicalService2,true,14.0,0.0,0.0
484,DrugService,true,5.0,0.0,0.0
484,AssistanceService,true,19.0

485,MedicalService1,true,4.0,0.0,0.0
485,DrugService,true,5.0,0.0,0.0
485,AssistanceService,true,9.0

486,MedicalService2,true,14.0,0.0,0.0
486,DrugService,true,5.0,0.0,0.0
486,AssistanceService,true,19.0

487,MedicalService3,true,2.15,0.0,0.0
487,DrugService,true,5.0,0.0,0.0
487,AssistanceService,true,7.15

488,MedicalService2,true,14.0,0.0,0.0
488,AlarmService1,true,4.0,0.0,0.0
488,AssistanceService,true,18.0

489,MedicalService3,true,2.15,0.0,0.0
489,AlarmService3,true,2.0,0.0,0.0
489,AssistanceService,true,4.15

490,MedicalService3,true,2.15,0.0,0.0
490,DrugService,true,5.0,0.0,0.0
490,AssistanceService,true,7.15

491,MedicalService2,true,14.0,0.0,0.0
491,AlarmService3,true,2.0,0.0,0.0
491,AssistanceService,true,16.0

492,AlarmService1,true,4.0,0.0,0.0
492,AssistanceService,true,4.0

493,MedicalService2,true,14.0,0.0,0.0
493,DrugService,true,5.0,0.0,0.0
493,AssistanceService,true,19.0

494,MedicalService2,true,14.0,0.0,0.0
494,DrugService,true,5.0,0.0,0.0
494,AssistanceService,true,19.0

495,AlarmService3,true,2.0,0.0,0.0
495,AssistanceService,true,2.0

496,MedicalService3,true,2.15,0.0,0.0
496,DrugService,true,5.0,0.0,0.0
496,AssistanceService,true,7.15

497,MedicalService1,true,4.0,0.0,0.0
497,DrugService,true,5.0,0.0,0.0
497,AssistanceService,true,9.0

498,MedicalService1,true,4.0,0.0,0.0
498,DrugService,true,5.0,0.0,0.0
498,AssistanceService,true,9.0

499,AlarmService1,true,4.0,0.0,0.0
499,AssistanceService,true,4.0

500,MedicalService1,true,4.0,0.0,0.0
500,AlarmService1,true,4.0,0.0,0.0
500,AssistanceService,true,8.0

501,MedicalService3,true,2.15,0.0,0.0
501,DrugService,true,5.0,0.0,0.0
501,AssistanceService,true,7.15

502,MedicalService1,true,4.0,0.0,0.0
502,DrugService,true,5.0,0.0,0.0
502,AssistanceService,true,9.0

503,MedicalService2,true,14.0,0.0,0.0
503,DrugService,true,5.0,0.0,0.0
503,AssistanceService,true,19.0

504,MedicalService1,true,4.0,0.0,0.0
504,DrugService,true,5.0,0.0,0.0
504,AssistanceService,true,9.0

505,MedicalService2,true,14.0,0.0,0.0
505,AlarmService3,true,2.0,0.0,0.0
505,AssistanceService,true,16.0

506,MedicalService2,true,14.0,0.0,0.0
506,AlarmService1,true,4.0,0.0,0.0
506,AssistanceService,true,18.0

507,MedicalService3,true,2.15,0.0,0.0
507,AlarmService2,true,12.0,0.0,0.0
507,AssistanceService,true,14.15

508,AlarmService2,true,12.0,0.0,0.0
508,AssistanceService,true,12.0

509,MedicalService3,true,2.15,0.0,0.0
509,DrugService,true,5.0,0.0,0.0
509,AssistanceService,true,7.15

510,MedicalService2,true,14.0,0.0,0.0
510,DrugService,true,5.0,0.0,0.0
510,AssistanceService,true,19.0

511,MedicalService1,true,4.0,0.0,0.0
511,DrugService,true,5.0,0.0,0.0
511,AssistanceService,true,9.0

512,MedicalService1,true,4.0,0.0,0.0
512,DrugService,true,5.0,0.0,0.0
512,AssistanceService,true,9.0

513,MedicalService2,true,14.0,0.0,0.0
513,DrugService,true,5.0,0.0,0.0
513,AssistanceService,true,19.0

514,MedicalService2,true,14.0,0.0,0.0
514,AlarmService3,true,2.0,0.0,0.0
514,AssistanceService,true,16.0

515,MedicalService1,true,4.0,0.0,0.0
515,AlarmService3,true,2.0,0.0,0.0
515,AssistanceService,true,6.0

516,MedicalService3,true,2.15,0.0,0.0
516,DrugService,true,5.0,0.0,0.0
516,AssistanceService,true,7.15

517,MedicalService2,true,14.0,0.0,0.0
517,DrugService,true,5.0,0.0,0.0
517,AssistanceService,true,19.0

518,MedicalService3,true,2.15,0.0,0.0
518,DrugService,true,5.0,0.0,0.0
518,AssistanceService,true,7.15

519,MedicalService3,true,2.15,0.0,0.0
519,DrugService,true,5.0,0.0,0.0
519,AssistanceService,true,7.15

520,MedicalService2,true,14.0,0.0,0.0
520,DrugService,true,5.0,0.0,0.0
520,AssistanceService,true,19.0

521,AlarmService1,true,4.0,0.0,0.0
521,AssistanceService,true,4.0

522,AlarmService3,true,2.0,0.0,0.0
522,AssistanceService,true,2.0

523,MedicalService3,true,2.15,0.0,0.0
523,DrugService,true,5.0,0.0,0.0
523,AssistanceService,true,7.15

524,AlarmService3,true,2.0,0.0,0.0
524,AssistanceService,true,2.0

525,AlarmService3,true,2.0,0.0,0.0
525,AssistanceService,true,2.0

526,AlarmService3,true,2.0,0.0,0.0
526,AssistanceService,true,2.0

527,MedicalService1,true,4.0,0.0,0.0
527,DrugService,true,5.0,0.0,0.0
527,AssistanceService,true,9.0

528,MedicalService3,true,2.15,0.0,0.0
528,DrugService,true,5.0,0.0,0.0
528,AssistanceService,true,7.15

529,MedicalService3,true,2.15,0.0,0.0
529,AlarmService1,true,4.0,0.0,0.0
529,AssistanceService,true,6.15

530,MedicalService1,true,4.0,0.0,0.0
530,DrugService,true,5.0,0.0,0.0
530,AssistanceService,true,9.0

531,MedicalService1,true,4.0,0.0,0.0
531,DrugService,true,5.0,0.0,0.0
531,AssistanceService,true,9.0

532,AlarmService3,true,2.0,0.0,0.0
532,AssistanceService,true,2.0

533,MedicalService2,true,14.0,0.0,0.0
533,DrugService,true,5.0,0.0,0.0
533,AssistanceService,true,19.0

534,AlarmService1,true,4.0,0.0,0.0
534,AssistanceService,true,4.0

535,MedicalService3,true,2.15,0.0,0.0
535,DrugService,true,5.0,0.0,0.0
535,AssistanceService,true,7.15

536,MedicalService3,true,2.15,0.0,0.0
536,DrugService,true,5.0,0.0,0.0
536,AssistanceService,true,7.15

537,MedicalService3,true,2.15,0.0,0.0
537,DrugService,true,5.0,0.0,0.0
537,AssistanceService,true,7.15

538,MedicalService3,true,2.15,0.0,0.0
538,DrugService,true,5.0,0.0,0.0
538,AssistanceService,true,7.15

539,MedicalService2,true,14.0,0.0,0.0
539,AlarmService1,true,4.0,0.0,0.0
539,AssistanceService,true,18.0

540,AlarmService2,true,12.0,0.0,0.0
540,AssistanceService,true,12.0

541,MedicalService1,true,4.0,0.0,0.0
541,DrugService,true,5.0,0.0,0.0
541,AssistanceService,true,9.0

542,MedicalService1,true,4.0,0.0,0.0
542,DrugService,true,5.0,0.0,0.0
542,AssistanceService,true,9.0

543,MedicalService2,true,14.0,0.0,0.0
543,DrugService,true,5.0,0.0,0.0
543,AssistanceService,true,19.0

544,MedicalService2,true,14.0,0.0,0.0
544,DrugService,true,5.0,0.0,0.0
544,AssistanceService,true,19.0

545,MedicalService1,true,4.0,0.0,0.0
545,AlarmService1,true,4.0,0.0,0.0
545,AssistanceService,true,8.0

546,MedicalService1,true,4.0,0.0,0.0
546,AlarmService3,true,2.0,0.0,0.0
546,AssistanceService,true,6.0

547,MedicalService2,true,14.0,0.0,0.0
547,AlarmService1,true,4.0,0.0,0.0
547,AssistanceService,true,18.0

548,AlarmService2,true,12.0,0.0,0.0
548,AssistanceService,true,12.0

549,MedicalService3,true,2.15,0.0,0.0
549,DrugService,true,5.0,0.0,0.0
549,AssistanceService,true,7.15

550,MedicalService3,true,2.15,0.0,0.0
550,DrugService,true,5.0,0.0,0.0
550,AssistanceService,true,7.15

551,MedicalService1,true,4.0,0.0,0.0
551,DrugService,true,5.0,0.0,0.0
551,AssistanceService,true,9.0

552,AlarmService2,true,12.0,0.0,0.0
552,AssistanceService,true,12.0

553,MedicalService1,true,4.0,0.0,0.0
553,DrugService,true,5.0,0.0,0.0
553,AssistanceService,true,9.0

554,MedicalService3,true,2.15,0.0,0.0
554,DrugService,true,5.0,0.0,0.0
554,AssistanceService,true,7.15

555,MedicalService2,true,14.0,0.0,0.0
555,DrugService,true,5.0,0.0,0.0
555,AssistanceService,true,19.0

556,MedicalService2,true,14.0,0.0,0.0
556,DrugService,true,5.0,0.0,0.0
556,AssistanceService,true,19.0

557,AlarmService2,true,12.0,0.0,0.0
557,AssistanceService,true,12.0

558,MedicalService3,true,2.15,0.0,0.0
558,DrugService,true,5.0,0.0,0.0
558,AssistanceService,true,7.15

559,AlarmService1,true,4.0,0.0,0.0
559,AssistanceService,true,4.0

560,AlarmService3,true,2.0,0.0,0.0
560,AssistanceService,true,2.0

561,AlarmService2,true,12.0,0.0,0.0
561,AssistanceService,true,12.0

562,MedicalService2,true,14.0,0.0,0.0
562,DrugService,true,5.0,0.0,0.0
562,AssistanceService,true,19.0

563,MedicalService1,true,4.0,0.0,0.0
563,DrugService,true,5.0,0.0,0.0
563,AssistanceService,true,9.0

564,MedicalService1,true,4.0,0.0,0.0
564,DrugService,true,5.0,0.0,0.0
564,AssistanceService,true,9.0

565,MedicalService2,true,14.0,0.0,0.0
565,DrugService,true,5.0,0.0,0.0
565,AssistanceService,true,19.0

566,MedicalService3,true,2.15,0.0,0.0
566,DrugService,true,5.0,0.0,0.0
566,AssistanceService,true,7.15

567,AlarmService2,true,12.0,0.0,0.0
567,AssistanceService,true,12.0

568,AlarmService1,true,4.0,0.0,0.0
568,AssistanceService,true,4.0

569,MedicalService3,true,2.15,0.0,0.0
569,DrugService,true,5.0,0.0,0.0
569,AssistanceService,true,7.15

570,MedicalService1,true,4.0,0.0,0.0
570,DrugService,true,5.0,0.0,0.0
570,AssistanceService,true,9.0

571,MedicalService1,true,4.0,0.0,0.0
571,DrugService,true,5.0,0.0,0.0
571,AssistanceService,true,9.0

572,MedicalService2,true,14.0,0.0,0.0
572,AlarmService3,true,2.0,0.0,0.0
572,AssistanceService,true,16.0

573,MedicalService3,true,2.15,0.0,0.0
573,DrugService,true,5.0,0.0,0.0
573,AssistanceService,true,7.15

574,MedicalService3,true,2.15,0.0,0.0
574,AlarmService1,true,4.0,0.0,0.0
574,AssistanceService,true,6.15

575,MedicalService3,true,2.15,0.0,0.0
575,AlarmService1,true,4.0,0.0,0.0
575,AssistanceService,true,6.15

576,MedicalService2,true,14.0,0.0,0.0
576,AlarmService3,true,2.0,0.0,0.0
576,AssistanceService,true,16.0

577,MedicalService2,true,14.0,0.0,0.0
577,DrugService,true,5.0,0.0,0.0
577,AssistanceService,true,19.0

578,MedicalService3,true,2.15,0.0,0.0
578,DrugService,true,5.0,0.0,0.0
578,AssistanceService,true,7.15

579,AlarmService2,true,12.0,0.0,0.0
579,AssistanceService,true,12.0

580,MedicalService1,true,4.0,0.0,0.0
580,AlarmService3,true,2.0,0.0,0.0
580,AssistanceService,true,6.0

581,MedicalService2,true,14.0,0.0,0.0
581,DrugService,true,5.0,0.0,0.0
581,AssistanceService,true,19.0

582,AlarmService1,true,4.0,0.0,0.0
582,AssistanceService,true,4.0

583,AlarmService3,true,2.0,0.0,0.0
583,AssistanceService,true,2.0

584,MedicalService1,true,4.0,0.0,0.0
584,DrugService,true,5.0,0.0,0.0
584,AssistanceService,true,9.0

585,AlarmService2,true,12.0,0.0,0.0
585,AssistanceService,true,12.0

586,MedicalService1,true,4.0,0.0,0.0
586,DrugService,true,5.0,0.0,0.0
586,AssistanceService,true,9.0

587,MedicalService3,true,2.15,0.0,0.0
587,DrugService,true,5.0,0.0,0.0
587,AssistanceService,true,7.15

588,MedicalService1,true,4.0,0.0,0.0
588,DrugService,true,5.0,0.0,0.0
588,AssistanceService,true,9.0

589,MedicalService3,true,2.15,0.0,0.0
589,DrugService,true,5.0,0.0,0.0
589,AssistanceService,true,7.15

590,MedicalService3,true,2.15,0.0,0.0
590,DrugService,true,5.0,0.0,0.0
590,AssistanceService,true,7.15

591,MedicalService1,true,4.0,0.0,0.0
591,AlarmService1,true,4.0,0.0,0.0
591,AssistanceService,true,8.0

592,MedicalService1,true,4.0,0.0,0.0
592,DrugService,true,5.0,0.0,0.0
592,AssistanceService,true,9.0

593,MedicalService1,true,4.0,0.0,0.0
593,DrugService,true,5.0,0.0,0.0
593,AssistanceService,true,9.0

594,MedicalService2,true,14.0,0.0,0.0
594,DrugService,true,5.0,0.0,0.0
594,AssistanceService,true,19.0

595,MedicalService2,true,14.0,0.0,0.0
595,AlarmService2,true,12.0,0.0,0.0
595,AssistanceService,true,26.0

596,MedicalService2,true,14.0,0.0,0.0
596,AlarmService2,true,12.0,0.0,0.0
596,AssistanceService,true,26.0

597,MedicalService2,true,14.0,0.0,0.0
597,AlarmService2,true,12.0,0.0,0.0
597,AssistanceService,true,26.0

598,AlarmService2,true,12.0,0.0,0.0
598,AssistanceService,true,12.0

599,MedicalService3,true,2.15,0.0,0.0
599,AlarmService1,true,4.0,0.0,0.0
599,AssistanceService,true,6.15

600,MedicalService2,true,14.0,0.0,0.0
600,AlarmService3,true,2.0,0.0,0.0
600,AssistanceService,true,16.0

601,MedicalService2,true,14.0,0.0,0.0
601,DrugService,true,5.0,0.0,0.0
601,AssistanceService,true,19.0

602,MedicalService2,true,14.0,0.0,0.0
602,DrugService,true,5.0,0.0,0.0
602,AssistanceService,true,19.0

603,MedicalService2,true,14.0,0.0,0.0
603,DrugService,true,5.0,0.0,0.0
603,AssistanceService,true,19.0

604,MedicalService3,true,2.15,0.0,0.0
604,DrugService,true,5.0,0.0,0.0
604,AssistanceService,true,7.15

605,AlarmService1,true,4.0,0.0,0.0
605,AssistanceService,true,4.0

606,MedicalService2,true,14.0,0.0,0.0
606,DrugService,true,5.0,0.0,0.0
606,AssistanceService,true,19.0

607,MedicalService1,true,4.0,0.0,0.0
607,DrugService,true,5.0,0.0,0.0
607,AssistanceService,true,9.0

608,AlarmService3,true,2.0,0.0,0.0
608,AssistanceService,true,2.0

609,AlarmService1,true,4.0,0.0,0.0
609,AssistanceService,true,4.0

610,AlarmService2,true,12.0,0.0,0.0
610,AssistanceService,true,12.0

611,MedicalService2,true,14.0,0.0,0.0
611,AlarmService3,true,2.0,0.0,0.0
611,AssistanceService,true,16.0

612,MedicalService1,true,4.0,0.0,0.0
612,DrugService,true,5.0,0.0,0.0
612,AssistanceService,true,9.0

613,MedicalService2,true,14.0,0.0,0.0
613,DrugService,true,5.0,0.0,0.0
613,AssistanceService,true,19.0

614,MedicalService1,true,4.0,0.0,0.0
614,AlarmService1,true,4.0,0.0,0.0
614,AssistanceService,true,8.0

615,AlarmService3,true,2.0,0.0,0.0
615,AssistanceService,true,2.0

616,AlarmService2,true,12.0,0.0,0.0
616,AssistanceService,true,12.0

617,MedicalService1,true,4.0,0.0,0.0
617,DrugService,true,5.0,0.0,0.0
617,AssistanceService,true,9.0

618,MedicalService3,true,2.15,0.0,0.0
618,AlarmService1,true,4.0,0.0,0.0
618,AssistanceService,true,6.15

619,MedicalService1,true,4.0,0.0,0.0
619,DrugService,true,5.0,0.0,0.0
619,AssistanceService,true,9.0

620,MedicalService3,true,2.15,0.0,0.0
620,AlarmService1,true,4.0,0.0,0.0
620,AssistanceService,true,6.15

621,MedicalService1,true,4.0,0.0,0.0
621,DrugService,true,5.0,0.0,0.0
621,AssistanceService,true,9.0

622,AlarmService2,true,12.0,0.0,0.0
622,AssistanceService,true,12.0

623,AlarmService2,true,12.0,0.0,0.0
623,AssistanceService,true,12.0

624,MedicalService1,true,4.0,0.0,0.0
624,AlarmService1,true,4.0,0.0,0.0
624,AssistanceService,true,8.0

625,MedicalService1,true,4.0,0.0,0.0
625,DrugService,true,5.0,0.0,0.0
625,AssistanceService,true,9.0

626,AlarmService2,true,12.0,0.0,0.0
626,AssistanceService,true,12.0

627,AlarmService1,true,4.0,0.0,0.0
627,AssistanceService,true,4.0

628,MedicalService3,true,2.15,0.0,0.0
628,DrugService,true,5.0,0.0,0.0
628,AssistanceService,true,7.15

629,AlarmService2,true,12.0,0.0,0.0
629,AssistanceService,true,12.0

630,MedicalService3,true,2.15,0.0,0.0
630,DrugService,true,5.0,0.0,0.0
630,AssistanceService,true,7.15

631,MedicalService1,true,4.0,0.0,0.0
631,DrugService,true,5.0,0.0,0.0
631,AssistanceService,true,9.0

632,MedicalService2,true,14.0,0.0,0.0
632,DrugService,true,5.0,0.0,0.0
632,AssistanceService,true,19.0

633,AlarmService2,true,12.0,0.0,0.0
633,AssistanceService,true,12.0

634,MedicalService2,true,14.0,0.0,0.0
634,AlarmService2,true,12.0,0.0,0.0
634,AssistanceService,true,26.0

635,MedicalService1,true,4.0,0.0,0.0
635,AlarmService3,true,2.0,0.0,0.0
635,AssistanceService,true,6.0

636,MedicalService3,true,2.15,0.0,0.0
636,DrugService,true,5.0,0.0,0.0
636,AssistanceService,true,7.15

637,AlarmService3,true,2.0,0.0,0.0
637,AssistanceService,true,2.0

638,MedicalService3,true,2.15,0.0,0.0
638,DrugService,true,5.0,0.0,0.0
638,AssistanceService,true,7.15

639,MedicalService1,true,4.0,0.0,0.0
639,AlarmService2,true,12.0,0.0,0.0
639,AssistanceService,true,16.0

640,MedicalService2,true,14.0,0.0,0.0
640,DrugService,true,5.0,0.0,0.0
640,AssistanceService,true,19.0

641,AlarmService3,true,2.0,0.0,0.0
641,AssistanceService,true,2.0

642,MedicalService1,true,4.0,0.0,0.0
642,AlarmService3,true,2.0,0.0,0.0
642,AssistanceService,true,6.0

643,MedicalService1,true,4.0,0.0,0.0
643,DrugService,true,5.0,0.0,0.0
643,AssistanceService,true,9.0

644,AlarmService3,true,2.0,0.0,0.0
644,AssistanceService,true,2.0

645,AlarmService2,true,12.0,0.0,0.0
645,AssistanceService,true,12.0

646,MedicalService1,true,4.0,0.0,0.0
646,DrugService,true,5.0,0.0,0.0
646,AssistanceService,true,9.0

647,MedicalService2,true,14.0,0.0,0.0
647,AlarmService1,true,4.0,0.0,0.0
647,AssistanceService,true,18.0

648,MedicalService2,true,14.0,0.0,0.0
648,AlarmService1,true,4.0,0.0,0.0
648,AssistanceService,true,18.0

649,MedicalService2,true,14.0,0.0,0.0
649,DrugService,true,5.0,0.0,0.0
649,AssistanceService,true,19.0

650,MedicalService2,true,14.0,0.0,0.0
650,DrugService,true,5.0,0.0,0.0
650,AssistanceService,true,19.0

651,MedicalService2,true,14.0,0.0,0.0
651,AlarmService1,true,4.0,0.0,0.0
651,AssistanceService,true,18.0

652,AlarmService3,true,2.0,0.0,0.0
652,AssistanceService,true,2.0

653,MedicalService3,true,2.15,0.0,0.0
653,DrugService,true,5.0,0.0,0.0
653,AssistanceService,true,7.15

654,MedicalService3,true,2.15,0.0,0.0
654,DrugService,true,5.0,0.0,0.0
654,AssistanceService,true,7.15

655,MedicalService2,true,14.0,0.0,0.0
655,DrugService,true,5.0,0.0,0.0
655,AssistanceService,true,19.0

656,MedicalService2,true,14.0,0.0,0.0
656,DrugService,true,5.0,0.0,0.0
656,AssistanceService,true,19.0

657,MedicalService2,true,14.0,0.0,0.0
657,AlarmService2,true,12.0,0.0,0.0
657,AssistanceService,true,26.0

658,MedicalService3,true,2.15,0.0,0.0
658,DrugService,true,5.0,0.0,0.0
658,AssistanceService,true,7.15

659,MedicalService2,true,14.0,0.0,0.0
659,DrugService,true,5.0,0.0,0.0
659,AssistanceService,true,19.0

660,MedicalService3,true,2.15,0.0,0.0
660,DrugService,true,5.0,0.0,0.0
660,AssistanceService,true,7.15

661,MedicalService3,true,2.15,0.0,0.0
661,AlarmService1,true,4.0,0.0,0.0
661,AssistanceService,true,6.15

662,AlarmService3,true,2.0,0.0,0.0
662,AssistanceService,true,2.0

663,MedicalService3,true,2.15,0.0,0.0
663,DrugService,true,5.0,0.0,0.0
663,AssistanceService,true,7.15

664,MedicalService1,true,4.0,0.0,0.0
664,DrugService,true,5.0,0.0,0.0
664,AssistanceService,true,9.0

665,MedicalService2,true,14.0,0.0,0.0
665,DrugService,true,5.0,0.0,0.0
665,AssistanceService,true,19.0

666,MedicalService1,true,4.0,0.0,0.0
666,DrugService,true,5.0,0.0,0.0
666,AssistanceService,true,9.0

667,MedicalService3,true,2.15,0.0,0.0
667,DrugService,true,5.0,0.0,0.0
667,AssistanceService,true,7.15

668,MedicalService1,true,4.0,0.0,0.0
668,AlarmService1,true,4.0,0.0,0.0
668,AssistanceService,true,8.0

669,MedicalService2,true,14.0,0.0,0.0
669,AlarmService2,true,12.0,0.0,0.0
669,AssistanceService,true,26.0

670,MedicalService1,true,4.0,0.0,0.0
670,AlarmService3,true,2.0,0.0,0.0
670,AssistanceService,true,6.0

671,MedicalService2,true,14.0,0.0,0.0
671,AlarmService1,true,4.0,0.0,0.0
671,AssistanceService,true,18.0

672,MedicalService1,true,4.0,0.0,0.0
672,AlarmService2,true,12.0,0.0,0.0
672,AssistanceService,true,16.0

673,MedicalService2,true,14.0,0.0,0.0
673,DrugService,true,5.0,0.0,0.0
673,AssistanceService,true,19.0

674,AlarmService2,true,12.0,0.0,0.0
674,AssistanceService,true,12.0

675,MedicalService3,true,2.15,0.0,0.0
675,AlarmService2,true,12.0,0.0,0.0
675,AssistanceService,true,14.15

676,MedicalService2,true,14.0,0.0,0.0
676,DrugService,true,5.0,0.0,0.0
676,AssistanceService,true,19.0

677,MedicalService2,true,14.0,0.0,0.0
677,DrugService,true,5.0,0.0,0.0
677,AssistanceService,true,19.0

678,MedicalService3,true,2.15,0.0,0.0
678,DrugService,true,5.0,0.0,0.0
678,AssistanceService,true,7.15

679,MedicalService1,true,4.0,0.0,0.0
679,DrugService,true,5.0,0.0,0.0
679,AssistanceService,true,9.0

680,MedicalService3,true,2.15,0.0,0.0
680,DrugService,true,5.0,0.0,0.0
680,AssistanceService,true,7.15

681,MedicalService3,true,2.15,0.0,0.0
681,AlarmService2,true,12.0,0.0,0.0
681,AssistanceService,true,14.15

682,MedicalService2,true,14.0,0.0,0.0
682,DrugService,true,5.0,0.0,0.0
682,AssistanceService,true,19.0

683,MedicalService1,true,4.0,0.0,0.0
683,DrugService,true,5.0,0.0,0.0
683,AssistanceService,true,9.0

684,MedicalService3,true,2.15,0.0,0.0
684,AlarmService2,true,12.0,0.0,0.0
684,AssistanceService,true,14.15

685,AlarmService1,true,4.0,0.0,0.0
685,AssistanceService,true,4.0

686,MedicalService3,true,2.15,0.0,0.0
686,AlarmService3,true,2.0,0.0,0.0
686,AssistanceService,true,4.15

687,MedicalService2,true,14.0,0.0,0.0
687,DrugService,true,5.0,0.0,0.0
687,AssistanceService,true,19.0

688,MedicalService3,true,2.15,0.0,0.0
688,DrugService,true,5.0,0.0,0.0
688,AssistanceService,true,7.15

689,MedicalService3,true,2.15,0.0,0.0
689,DrugService,true,5.0,0.0,0.0
689,AssistanceService,true,7.15

690,MedicalService1,true,4.0,0.0,0.0
690,DrugService,true,5.0,0.0,0.0
690,AssistanceService,true,9.0

691,AlarmService1,true,4.0,0.0,0.0
691,AssistanceService,true,4.0

692,MedicalService3,true,2.15,0.0,0.0
692,DrugService,true,5.0,0.0,0.0
692,AssistanceService,true,7.15

693,MedicalService2,true,14.0,0.0,0.0
693,DrugService,true,5.0,0.0,0.0
693,AssistanceService,true,19.0

694,MedicalService2,true,14.0,0.0,0.0
694,DrugService,true,5.0,0.0,0.0
694,AssistanceService,true,19.0

695,MedicalService3,true,2.15,0.0,0.0
695,DrugService,true,5.0,0.0,0.0
695,AssistanceService,true,7.15

696,MedicalService3,true,2.15,0.0,0.0
696,DrugService,true,5.0,0.0,0.0
696,AssistanceService,true,7.15

697,MedicalService3,true,2.15,0.0,0.0
697,DrugService,true,5.0,0.0,0.0
697,AssistanceService,true,7.15

698,AlarmService3,true,2.0,0.0,0.0
698,AssistanceService,true,2.0

699,AlarmService1,true,4.0,0.0,0.0
699,AssistanceService,true,4.0

700,AlarmService2,true,12.0,0.0,0.0
700,AssistanceService,true,12.0

701,MedicalService3,true,2.15,0.0,0.0
701,AlarmService1,true,4.0,0.0,0.0
701,AssistanceService,true,6.15

702,MedicalService2,true,14.0,0.0,0.0
702,DrugService,true,5.0,0.0,0.0
702,AssistanceService,true,19.0

703,AlarmService2,true,12.0,0.0,0.0
703,AssistanceService,true,12.0

704,MedicalService3,true,2.15,0.0,0.0
704,AlarmService3,true,2.0,0.0,0.0
704,AssistanceService,true,4.15

705,MedicalService3,true,2.15,0.0,0.0
705,DrugService,true,5.0,0.0,0.0
705,AssistanceService,true,7.15

706,MedicalService2,true,14.0,0.0,0.0
706,AlarmService2,true,12.0,0.0,0.0
706,AssistanceService,true,26.0

707,MedicalService3,true,2.15,0.0,0.0
707,DrugService,true,5.0,0.0,0.0
707,AssistanceService,true,7.15

708,MedicalService3,true,2.15,0.0,0.0
708,AlarmService2,true,12.0,0.0,0.0
708,AssistanceService,true,14.15

709,MedicalService3,true,2.15,0.0,0.0
709,DrugService,true,5.0,0.0,0.0
709,AssistanceService,true,7.15

710,MedicalService2,true,14.0,0.0,0.0
710,DrugService,true,5.0,0.0,0.0
710,AssistanceService,true,19.0

711,MedicalService3,true,2.15,0.0,0.0
711,AlarmService1,true,4.0,0.0,0.0
711,AssistanceService,true,6.15

712,MedicalService2,true,14.0,0.0,0.0
712,AlarmService1,true,4.0,0.0,0.0
712,AssistanceService,true,18.0

713,MedicalService1,true,4.0,0.0,0.0
713,AlarmService2,true,12.0,0.0,0.0
713,AssistanceService,true,16.0

714,AlarmService1,true,4.0,0.0,0.0
714,AssistanceService,true,4.0

715,MedicalService3,true,2.15,0.0,0.0
715,DrugService,true,5.0,0.0,0.0
715,AssistanceService,true,7.15

716,MedicalService1,true,4.0,0.0,0.0
716,DrugService,true,5.0,0.0,0.0
716,AssistanceService,true,9.0

717,MedicalService2,true,14.0,0.0,0.0
717,AlarmService3,true,2.0,0.0,0.0
717,AssistanceService,true,16.0

718,MedicalService3,true,2.15,0.0,0.0
718,DrugService,true,5.0,0.0,0.0
718,AssistanceService,true,7.15

719,MedicalService3,true,2.15,0.0,0.0
719,DrugService,true,5.0,0.0,0.0
719,AssistanceService,true,7.15

720,MedicalService3,true,2.15,0.0,0.0
720,DrugService,true,5.0,0.0,0.0
720,AssistanceService,true,7.15

721,AlarmService2,true,12.0,0.0,0.0
721,AssistanceService,true,12.0

722,AlarmService3,true,2.0,0.0,0.0
722,AssistanceService,true,2.0

723,MedicalService1,true,4.0,0.0,0.0
723,AlarmService1,true,4.0,0.0,0.0
723,AssistanceService,true,8.0

724,AlarmService1,true,4.0,0.0,0.0
724,AssistanceService,true,4.0

725,AlarmService2,true,12.0,0.0,0.0
725,AssistanceService,true,12.0

726,MedicalService3,true,2.15,0.0,0.0
726,DrugService,true,5.0,0.0,0.0
726,AssistanceService,true,7.15

727,MedicalService2,true,14.0,0.0,0.0
727,AlarmService1,true,4.0,0.0,0.0
727,AssistanceService,true,18.0

728,MedicalService3,true,2.15,0.0,0.0
728,AlarmService2,true,12.0,0.0,0.0
728,AssistanceService,true,14.15

729,AlarmService3,true,2.0,0.0,0.0
729,AssistanceService,true,2.0

730,MedicalService2,true,14.0,0.0,0.0
730,AlarmService3,true,2.0,0.0,0.0
730,AssistanceService,true,16.0

731,MedicalService2,true,14.0,0.0,0.0
731,DrugService,true,5.0,0.0,0.0
731,AssistanceService,true,19.0

732,MedicalService2,true,14.0,0.0,0.0
732,DrugService,true,5.0,0.0,0.0
732,AssistanceService,true,19.0

733,AlarmService1,true,4.0,0.0,0.0
733,AssistanceService,true,4.0

734,MedicalService1,true,4.0,0.0,0.0
734,AlarmService3,true,2.0,0.0,0.0
734,AssistanceService,true,6.0

735,MedicalService2,true,14.0,0.0,0.0
735,AlarmService3,true,2.0,0.0,0.0
735,AssistanceService,true,16.0

736,MedicalService1,true,4.0,0.0,0.0
736,DrugService,true,5.0,0.0,0.0
736,AssistanceService,true,9.0

737,MedicalService2,true,14.0,0.0,0.0
737,DrugService,true,5.0,0.0,0.0
737,AssistanceService,true,19.0

738,MedicalService3,true,2.15,0.0,0.0
738,DrugService,true,5.0,0.0,0.0
738,AssistanceService,true,7.15

739,MedicalService3,true,2.15,0.0,0.0
739,AlarmService2,true,12.0,0.0,0.0
739,AssistanceService,true,14.15

740,MedicalService2,true,14.0,0.0,0.0
740,DrugService,true,5.0,0.0,0.0
740,AssistanceService,true,19.0

741,MedicalService2,true,14.0,0.0,0.0
741,AlarmService2,true,12.0,0.0,0.0
741,AssistanceService,true,26.0

742,AlarmService3,true,2.0,0.0,0.0
742,AssistanceService,true,2.0

743,MedicalService1,true,4.0,0.0,0.0
743,DrugService,true,5.0,0.0,0.0
743,AssistanceService,true,9.0

744,MedicalService2,true,14.0,0.0,0.0
744,DrugService,true,5.0,0.0,0.0
744,AssistanceService,true,19.0

745,AlarmService3,true,2.0,0.0,0.0
745,AssistanceService,true,2.0

746,AlarmService3,true,2.0,0.0,0.0
746,AssistanceService,true,2.0

747,MedicalService2,true,14.0,0.0,0.0
747,AlarmService2,true,12.0,0.0,0.0
747,AssistanceService,true,26.0

748,MedicalService1,true,4.0,0.0,0.0
748,DrugService,true,5.0,0.0,0.0
748,AssistanceService,true,9.0

749,MedicalService1,true,4.0,0.0,0.0
749,DrugService,true,5.0,0.0,0.0
749,AssistanceService,true,9.0

750,MedicalService3,true,2.15,0.0,0.0
750,AlarmService3,true,2.0,0.0,0.0
750,AssistanceService,true,4.15

751,MedicalService1,true,4.0,0.0,0.0
751,DrugService,true,5.0,0.0,0.0
751,AssistanceService,true,9.0

752,AlarmService2,true,12.0,0.0,0.0
752,AssistanceService,true,12.0

753,MedicalService1,true,4.0,0.0,0.0
753,AlarmService3,true,2.0,0.0,0.0
753,AssistanceService,true,6.0

754,MedicalService1,true,4.0,0.0,0.0
754,DrugService,true,5.0,0.0,0.0
754,AssistanceService,true,9.0

755,MedicalService1,true,4.0,0.0,0.0
755,DrugService,true,5.0,0.0,0.0
755,AssistanceService,true,9.0

756,AlarmService1,true,4.0,0.0,0.0
756,AssistanceService,true,4.0

757,MedicalService3,true,2.15,0.0,0.0
757,DrugService,true,5.0,0.0,0.0
757,AssistanceService,true,7.15

758,MedicalService3,true,2.15,0.0,0.0
758,DrugService,true,5.0,0.0,0.0
758,AssistanceService,true,7.15

759,AlarmService2,true,12.0,0.0,0.0
759,AssistanceService,true,12.0

760,AlarmService3,true,2.0,0.0,0.0
760,AssistanceService,true,2.0

761,MedicalService1,true,4.0,0.0,0.0
761,AlarmService2,true,12.0,0.0,0.0
761,AssistanceService,true,16.0

762,MedicalService1,true,4.0,0.0,0.0
762,AlarmService2,true,12.0,0.0,0.0
762,AssistanceService,true,16.0

763,AlarmService3,true,2.0,0.0,0.0
763,AssistanceService,true,2.0

764,MedicalService1,true,4.0,0.0,0.0
764,AlarmService1,true,4.0,0.0,0.0
764,AssistanceService,true,8.0

765,AlarmService1,true,4.0,0.0,0.0
765,AssistanceService,true,4.0

766,MedicalService1,true,4.0,0.0,0.0
766,AlarmService3,true,2.0,0.0,0.0
766,AssistanceService,true,6.0

767,MedicalService1,true,4.0,0.0,0.0
767,AlarmService1,true,4.0,0.0,0.0
767,AssistanceService,true,8.0

768,AlarmService3,true,2.0,0.0,0.0
768,AssistanceService,true,2.0

769,MedicalService1,true,4.0,0.0,0.0
769,AlarmService3,true,2.0,0.0,0.0
769,AssistanceService,true,6.0

770,MedicalService2,true,14.0,0.0,0.0
770,DrugService,true,5.0,0.0,0.0
770,AssistanceService,true,19.0

771,AlarmService2,true,12.0,0.0,0.0
771,AssistanceService,true,12.0

772,MedicalService2,true,14.0,0.0,0.0
772,DrugService,true,5.0,0.0,0.0
772,AssistanceService,true,19.0

773,MedicalService2,true,14.0,0.0,0.0
773,DrugService,true,5.0,0.0,0.0
773,AssistanceService,true,19.0

774,MedicalService2,true,14.0,0.0,0.0
774,DrugService,true,5.0,0.0,0.0
774,AssistanceService,true,19.0

775,MedicalService2,true,14.0,0.0,0.0
775,DrugService,true,5.0,0.0,0.0
775,AssistanceService,true,19.0

776,MedicalService1,true,4.0,0.0,0.0
776,DrugService,true,5.0,0.0,0.0
776,AssistanceService,true,9.0

777,MedicalService3,true,2.15,0.0,0.0
777,DrugService,true,5.0,0.0,0.0
777,AssistanceService,true,7.15

778,MedicalService3,true,2.15,0.0,0.0
778,DrugService,true,5.0,0.0,0.0
778,AssistanceService,true,7.15

779,AlarmService1,true,4.0,0.0,0.0
779,AssistanceService,true,4.0

780,MedicalService3,true,2.15,0.0,0.0
780,AlarmService1,true,4.0,0.0,0.0
780,AssistanceService,true,6.15

781,AlarmService1,true,4.0,0.0,0.0
781,AssistanceService,true,4.0

782,AlarmService2,true,12.0,0.0,0.0
782,AssistanceService,true,12.0

783,MedicalService3,true,2.15,0.0,0.0
783,DrugService,true,5.0,0.0,0.0
783,AssistanceService,true,7.15

784,MedicalService3,true,2.15,0.0,0.0
784,DrugService,true,5.0,0.0,0.0
784,AssistanceService,true,7.15

785,MedicalService2,true,14.0,0.0,0.0
785,DrugService,true,5.0,0.0,0.0
785,AssistanceService,true,19.0

786,MedicalService3,true,2.15,0.0,0.0
786,DrugService,true,5.0,0.0,0.0
786,AssistanceService,true,7.15

787,MedicalService2,true,14.0,0.0,0.0
787,DrugService,true,5.0,0.0,0.0
787,AssistanceService,true,19.0

788,AlarmService2,true,12.0,0.0,0.0
788,AssistanceService,true,12.0

789,MedicalService3,true,2.15,0.0,0.0
789,DrugService,true,5.0,0.0,0.0
789,AssistanceService,true,7.15

790,MedicalService2,true,14.0,0.0,0.0
790,DrugService,true,5.0,0.0,0.0
790,AssistanceService,true,19.0

791,AlarmService3,true,2.0,0.0,0.0
791,AssistanceService,true,2.0

792,MedicalService1,true,4.0,0.0,0.0
792,DrugService,true,5.0,0.0,0.0
792,AssistanceService,true,9.0

793,MedicalService3,true,2.15,0.0,0.0
793,DrugService,true,5.0,0.0,0.0
793,AssistanceService,true,7.15

794,MedicalService1,true,4.0,0.0,0.0
794,AlarmService2,true,12.0,0.0,0.0
794,AssistanceService,true,16.0

795,MedicalService2,true,14.0,0.0,0.0
795,AlarmService2,true,12.0,0.0,0.0
795,AssistanceService,true,26.0

796,MedicalService1,true,4.0,0.0,0.0
796,DrugService,true,5.0,0.0,0.0
796,AssistanceService,true,9.0

797,MedicalService2,true,14.0,0.0,0.0
797,DrugService,true,5.0,0.0,0.0
797,AssistanceService,true,19.0

798,MedicalService3,true,2.15,0.0,0.0
798,AlarmService1,true,4.0,0.0,0.0
798,AssistanceService,true,6.15

799,MedicalService2,true,14.0,0.0,0.0
799,DrugService,true,5.0,0.0,0.0
799,AssistanceService,true,19.0

800,MedicalService3,true,2.15,0.0,0.0
800,AlarmService1,true,4.0,0.0,0.0
800,AssistanceService,true,6.15

801,MedicalService2,true,14.0,0.0,0.0
801,AlarmService3,true,2.0,0.0,0.0
801,AssistanceService,true,16.0

802,MedicalService3,true,2.15,0.0,0.0
802,DrugService,true,5.0,0.0,0.0
802,AssistanceService,true,7.15

803,MedicalService1,true,4.0,0.0,0.0
803,DrugService,true,5.0,0.0,0.0
803,AssistanceService,true,9.0

804,AlarmService1,true,4.0,0.0,0.0
804,AssistanceService,true,4.0

805,MedicalService3,true,2.15,0.0,0.0
805,DrugService,true,5.0,0.0,0.0
805,AssistanceService,true,7.15

806,MedicalService1,true,4.0,0.0,0.0
806,DrugService,true,5.0,0.0,0.0
806,AssistanceService,true,9.0

807,MedicalService3,true,2.15,0.0,0.0
807,AlarmService1,true,4.0,0.0,0.0
807,AssistanceService,true,6.15

808,MedicalService2,true,14.0,0.0,0.0
808,DrugService,true,5.0,0.0,0.0
808,AssistanceService,true,19.0

809,MedicalService2,true,14.0,0.0,0.0
809,DrugService,true,5.0,0.0,0.0
809,AssistanceService,true,19.0

810,MedicalService3,true,2.15,0.0,0.0
810,AlarmService3,true,2.0,0.0,0.0
810,AssistanceService,true,4.15

811,AlarmService1,true,4.0,0.0,0.0
811,AssistanceService,true,4.0

812,MedicalService3,true,2.15,0.0,0.0
812,AlarmService3,true,2.0,0.0,0.0
812,AssistanceService,true,4.15

813,MedicalService2,true,14.0,0.0,0.0
813,DrugService,true,5.0,0.0,0.0
813,AssistanceService,true,19.0

814,MedicalService3,true,2.15,0.0,0.0
814,DrugService,true,5.0,0.0,0.0
814,AssistanceService,true,7.15

815,MedicalService2,true,14.0,0.0,0.0
815,AlarmService3,true,2.0,0.0,0.0
815,AssistanceService,true,16.0

816,MedicalService1,true,4.0,0.0,0.0
816,AlarmService2,true,12.0,0.0,0.0
816,AssistanceService,true,16.0

817,MedicalService1,true,4.0,0.0,0.0
817,DrugService,true,5.0,0.0,0.0
817,AssistanceService,true,9.0

818,MedicalService1,true,4.0,0.0,0.0
818,DrugService,true,5.0,0.0,0.0
818,AssistanceService,true,9.0

819,MedicalService2,true,14.0,0.0,0.0
819,DrugService,true,5.0,0.0,0.0
819,AssistanceService,true,19.0

820,MedicalService1,true,4.0,0.0,0.0
820,AlarmService3,true,2.0,0.0,0.0
820,AssistanceService,true,6.0

821,MedicalService2,true,14.0,0.0,0.0
821,DrugService,true,5.0,0.0,0.0
821,AssistanceService,true,19.0

822,MedicalService2,true,14.0,0.0,0.0
822,DrugService,true,5.0,0.0,0.0
822,AssistanceService,true,19.0

823,AlarmService2,true,12.0,0.0,0.0
823,AssistanceService,true,12.0

824,MedicalService2,true,14.0,0.0,0.0
824,AlarmService2,true,12.0,0.0,0.0
824,AssistanceService,true,26.0

825,MedicalService1,true,4.0,0.0,0.0
825,DrugService,true,5.0,0.0,0.0
825,AssistanceService,true,9.0

826,MedicalService2,true,14.0,0.0,0.0
826,DrugService,true,5.0,0.0,0.0
826,AssistanceService,true,19.0

827,MedicalService2,true,14.0,0.0,0.0
827,DrugService,true,5.0,0.0,0.0
827,AssistanceService,true,19.0

828,AlarmService2,true,12.0,0.0,0.0
828,AssistanceService,true,12.0

829,AlarmService1,true,4.0,0.0,0.0
829,AssistanceService,true,4.0

830,MedicalService1,true,4.0,0.0,0.0
830,DrugService,true,5.0,0.0,0.0
830,AssistanceService,true,9.0

831,MedicalService1,true,4.0,0.0,0.0
831,DrugService,true,5.0,0.0,0.0
831,AssistanceService,true,9.0

832,MedicalService3,true,2.15,0.0,0.0
832,DrugService,true,5.0,0.0,0.0
832,AssistanceService,true,7.15

833,MedicalService2,true,14.0,0.0,0.0
833,AlarmService1,true,4.0,0.0,0.0
833,AssistanceService,true,18.0

834,MedicalService3,true,2.15,0.0,0.0
834,AlarmService3,true,2.0,0.0,0.0
834,AssistanceService,true,4.15

835,MedicalService1,true,4.0,0.0,0.0
835,DrugService,true,5.0,0.0,0.0
835,AssistanceService,true,9.0

836,AlarmService1,true,4.0,0.0,0.0
836,AssistanceService,true,4.0

837,AlarmService2,true,12.0,0.0,0.0
837,AssistanceService,true,12.0

838,MedicalService2,true,14.0,0.0,0.0
838,DrugService,true,5.0,0.0,0.0
838,AssistanceService,true,19.0

839,MedicalService3,true,2.15,0.0,0.0
839,AlarmService2,true,12.0,0.0,0.0
839,AssistanceService,true,14.15

840,MedicalService3,true,2.15,0.0,0.0
840,DrugService,true,5.0,0.0,0.0
840,AssistanceService,true,7.15

841,MedicalService3,true,2.15,0.0,0.0
841,DrugService,true,5.0,0.0,0.0
841,AssistanceService,true,7.15

842,AlarmService2,true,12.0,0.0,0.0
842,AssistanceService,true,12.0

843,AlarmService2,true,12.0,0.0,0.0
843,AssistanceService,true,12.0

844,MedicalService3,true,2.15,0.0,0.0
844,DrugService,true,5.0,0.0,0.0
844,AssistanceService,true,7.15

845,MedicalService2,true,14.0,0.0,0.0
845,DrugService,true,5.0,0.0,0.0
845,AssistanceService,true,19.0

846,MedicalService3,true,2.15,0.0,0.0
846,DrugService,true,5.0,0.0,0.0
846,AssistanceService,true,7.15

847,AlarmService1,true,4.0,0.0,0.0
847,AssistanceService,true,4.0

848,MedicalService1,true,4.0,0.0,0.0
848,DrugService,true,5.0,0.0,0.0
848,AssistanceService,true,9.0

849,MedicalService2,true,14.0,0.0,0.0
849,DrugService,true,5.0,0.0,0.0
849,AssistanceService,true,19.0

850,MedicalService1,true,4.0,0.0,0.0
850,DrugService,true,5.0,0.0,0.0
850,AssistanceService,true,9.0

851,MedicalService2,true,14.0,0.0,0.0
851,DrugService,true,5.0,0.0,0.0
851,AssistanceService,true,19.0

852,AlarmService3,true,2.0,0.0,0.0
852,AssistanceService,true,2.0

853,AlarmService2,true,12.0,0.0,0.0
853,AssistanceService,true,12.0

854,MedicalService1,true,4.0,0.0,0.0
854,DrugService,true,5.0,0.0,0.0
854,AssistanceService,true,9.0

855,MedicalService2,true,14.0,0.0,0.0
855,DrugService,true,5.0,0.0,0.0
855,AssistanceService,true,19.0

856,MedicalService2,true,14.0,0.0,0.0
856,DrugService,true,5.0,0.0,0.0
856,AssistanceService,true,19.0

857,AlarmService3,true,2.0,0.0,0.0
857,AssistanceService,true,2.0

858,MedicalService2,true,14.0,0.0,0.0
858,AlarmService3,true,2.0,0.0,0.0
858,AssistanceService,true,16.0

859,AlarmService2,true,12.0,0.0,0.0
859,AssistanceService,true,12.0

860,MedicalService2,true,14.0,0.0,0.0
860,DrugService,true,5.0,0.0,0.0
860,AssistanceService,true,19.0

861,MedicalService3,true,2.15,0.0,0.0
861,DrugService,true,5.0,0.0,0.0
861,AssistanceService,true,7.15

862,MedicalService3,true,2.15,0.0,0.0
862,DrugService,true,5.0,0.0,0.0
862,AssistanceService,true,7.15

863,MedicalService3,true,2.15,0.0,0.0
863,AlarmService1,true,4.0,0.0,0.0
863,AssistanceService,true,6.15

864,MedicalService2,true,14.0,0.0,0.0
864,AlarmService1,true,4.0,0.0,0.0
864,AssistanceService,true,18.0

865,MedicalService2,true,14.0,0.0,0.0
865,DrugService,true,5.0,0.0,0.0
865,AssistanceService,true,19.0

866,MedicalService3,true,2.15,0.0,0.0
866,AlarmService3,true,2.0,0.0,0.0
866,AssistanceService,true,4.15

867,MedicalService1,true,4.0,0.0,0.0
867,AlarmService3,true,2.0,0.0,0.0
867,AssistanceService,true,6.0

868,MedicalService3,true,2.15,0.0,0.0
868,AlarmService2,true,12.0,0.0,0.0
868,AssistanceService,true,14.15

869,MedicalService2,true,14.0,0.0,0.0
869,DrugService,true,5.0,0.0,0.0
869,AssistanceService,true,19.0

870,MedicalService2,true,14.0,0.0,0.0
870,DrugService,true,5.0,0.0,0.0
870,AssistanceService,true,19.0

871,MedicalService1,true,4.0,0.0,0.0
871,AlarmService3,true,2.0,0.0,0.0
871,AssistanceService,true,6.0

872,MedicalService2,true,14.0,0.0,0.0
872,DrugService,true,5.0,0.0,0.0
872,AssistanceService,true,19.0

873,MedicalService2,true,14.0,0.0,0.0
873,DrugService,true,5.0,0.0,0.0
873,AssistanceService,true,19.0

874,MedicalService3,true,2.15,0.0,0.0
874,AlarmService1,true,4.0,0.0,0.0
874,AssistanceService,true,6.15

875,MedicalService3,true,2.15,0.0,0.0
875,AlarmService1,true,4.0,0.0,0.0
875,AssistanceService,true,6.15

876,MedicalService3,true,2.15,0.0,0.0
876,DrugService,true,5.0,0.0,0.0
876,AssistanceService,true,7.15

877,AlarmService2,true,12.0,0.0,0.0
877,AssistanceService,true,12.0

878,MedicalService3,true,2.15,0.0,0.0
878,DrugService,true,5.0,0.0,0.0
878,AssistanceService,true,7.15

879,MedicalService3,true,2.15,0.0,0.0
879,AlarmService1,true,4.0,0.0,0.0
879,AssistanceService,true,6.15

880,MedicalService3,true,2.15,0.0,0.0
880,DrugService,true,5.0,0.0,0.0
880,AssistanceService,true,7.15

881,MedicalService1,true,4.0,0.0,0.0
881,AlarmService1,true,4.0,0.0,0.0
881,AssistanceService,true,8.0

882,MedicalService3,true,2.15,0.0,0.0
882,DrugService,true,5.0,0.0,0.0
882,AssistanceService,true,7.15

883,AlarmService3,true,2.0,0.0,0.0
883,AssistanceService,true,2.0

884,MedicalService3,true,2.15,0.0,0.0
884,DrugService,true,5.0,0.0,0.0
884,AssistanceService,true,7.15

885,MedicalService3,true,2.15,0.0,0.0
885,AlarmService1,true,4.0,0.0,0.0
885,AssistanceService,true,6.15

886,MedicalService2,true,14.0,0.0,0.0
886,DrugService,true,5.0,0.0,0.0
886,AssistanceService,true,19.0

887,MedicalService3,true,2.15,0.0,0.0
887,AlarmService2,true,12.0,0.0,0.0
887,AssistanceService,true,14.15

888,MedicalService1,true,4.0,0.0,0.0
888,DrugService,true,5.0,0.0,0.0
888,AssistanceService,true,9.0

889,AlarmService3,true,2.0,0.0,0.0
889,AssistanceService,true,2.0

890,MedicalService2,true,14.0,0.0,0.0
890,DrugService,true,5.0,0.0,0.0
890,AssistanceService,true,19.0

891,MedicalService2,true,14.0,0.0,0.0
891,DrugService,true,5.0,0.0,0.0
891,AssistanceService,true,19.0

892,MedicalService1,true,4.0,0.0,0.0
892,DrugService,true,5.0,0.0,0.0
892,AssistanceService,true,9.0

893,AlarmService2,true,12.0,0.0,0.0
893,AssistanceService,true,12.0

894,MedicalService2,true,14.0,0.0,0.0
894,AlarmService2,true,12.0,0.0,0.0
894,AssistanceService,true,26.0

895,MedicalService2,true,14.0,0.0,0.0
895,DrugService,true,5.0,0.0,0.0
895,AssistanceService,true,19.0

896,MedicalService2,true,14.0,0.0,0.0
896,AlarmService3,true,2.0,0.0,0.0
896,AssistanceService,true,16.0

897,MedicalService2,true,14.0,0.0,0.0
897,DrugService,true,5.0,0.0,0.0
897,AssistanceService,true,19.0

898,AlarmService1,true,4.0,0.0,0.0
898,AssistanceService,true,4.0

899,MedicalService2,true,14.0,0.0,0.0
899,DrugService,true,5.0,0.0,0.0
899,AssistanceService,true,19.0

900,MedicalService3,true,2.15,0.0,0.0
900,DrugService,true,5.0,0.0,0.0
900,AssistanceService,true,7.15

901,MedicalService1,true,4.0,0.0,0.0
901,AlarmService3,true,2.0,0.0,0.0
901,AssistanceService,true,6.0

902,MedicalService2,true,14.0,0.0,0.0
902,DrugService,true,5.0,0.0,0.0
902,AssistanceService,true,19.0

903,MedicalService3,true,2.15,0.0,0.0
903,DrugService,true,5.0,0.0,0.0
903,AssistanceService,true,7.15

904,MedicalService3,true,2.15,0.0,0.0
904,DrugService,true,5.0,0.0,0.0
904,AssistanceService,true,7.15

905,AlarmService2,true,12.0,0.0,0.0
905,AssistanceService,true,12.0

906,AlarmService3,true,2.0,0.0,0.0
906,AssistanceService,true,2.0

907,MedicalService2,true,14.0,0.0,0.0
907,DrugService,true,5.0,0.0,0.0
907,AssistanceService,true,19.0

908,AlarmService2,true,12.0,0.0,0.0
908,AssistanceService,true,12.0

909,MedicalService3,true,2.15,0.0,0.0
909,AlarmService1,true,4.0,0.0,0.0
909,AssistanceService,true,6.15

910,MedicalService1,true,4.0,0.0,0.0
910,DrugService,true,5.0,0.0,0.0
910,AssistanceService,true,9.0

911,MedicalService1,true,4.0,0.0,0.0
911,DrugService,true,5.0,0.0,0.0
911,AssistanceService,true,9.0

912,MedicalService3,true,2.15,0.0,0.0
912,AlarmService2,true,12.0,0.0,0.0
912,AssistanceService,true,14.15

913,MedicalService2,true,14.0,0.0,0.0
913,AlarmService1,true,4.0,0.0,0.0
913,AssistanceService,true,18.0

914,MedicalService2,true,14.0,0.0,0.0
914,DrugService,true,5.0,0.0,0.0
914,AssistanceService,true,19.0

915,MedicalService1,true,4.0,0.0,0.0
915,AlarmService1,true,4.0,0.0,0.0
915,AssistanceService,true,8.0

916,MedicalService1,true,4.0,0.0,0.0
916,DrugService,true,5.0,0.0,0.0
916,AssistanceService,true,9.0

917,MedicalService3,true,2.15,0.0,0.0
917,DrugService,true,5.0,0.0,0.0
917,AssistanceService,true,7.15

918,MedicalService2,true,14.0,0.0,0.0
918,DrugService,true,5.0,0.0,0.0
918,AssistanceService,true,19.0

919,MedicalService2,true,14.0,0.0,0.0
919,DrugService,true,5.0,0.0,0.0
919,AssistanceService,true,19.0

920,MedicalService2,true,14.0,0.0,0.0
920,DrugService,true,5.0,0.0,0.0
920,AssistanceService,true,19.0

921,MedicalService3,true,2.15,0.0,0.0
921,AlarmService2,true,12.0,0.0,0.0
921,AssistanceService,true,14.15

922,MedicalService2,true,14.0,0.0,0.0
922,DrugService,true,5.0,0.0,0.0
922,AssistanceService,true,19.0

923,MedicalService3,true,2.15,0.0,0.0
923,DrugService,true,5.0,0.0,0.0
923,AssistanceService,true,7.15

924,MedicalService2,true,14.0,0.0,0.0
924,DrugService,true,5.0,0.0,0.0
924,AssistanceService,true,19.0

925,AlarmService2,true,12.0,0.0,0.0
925,AssistanceService,true,12.0

926,MedicalService1,true,4.0,0.0,0.0
926,DrugService,true,5.0,0.0,0.0
926,AssistanceService,true,9.0

927,MedicalService2,true,14.0,0.0,0.0
927,AlarmService2,true,12.0,0.0,0.0
927,AssistanceService,true,26.0

928,AlarmService3,true,2.0,0.0,0.0
928,AssistanceService,true,2.0

929,MedicalService1,true,4.0,0.0,0.0
929,AlarmService2,true,12.0,0.0,0.0
929,AssistanceService,true,16.0

930,MedicalService3,true,2.15,0.0,0.0
930,DrugService,true,5.0,0.0,0.0
930,AssistanceService,true,7.15

931,MedicalService2,true,14.0,0.0,0.0
931,AlarmService1,true,4.0,0.0,0.0
931,AssistanceService,true,18.0

932,MedicalService1,true,4.0,0.0,0.0
932,DrugService,true,5.0,0.0,0.0
932,AssistanceService,true,9.0

933,MedicalService2,true,14.0,0.0,0.0
933,DrugService,true,5.0,0.0,0.0
933,AssistanceService,true,19.0

934,MedicalService3,true,2.15,0.0,0.0
934,AlarmService2,true,12.0,0.0,0.0
934,AssistanceService,true,14.15

935,AlarmService1,true,4.0,0.0,0.0
935,AssistanceService,true,4.0

936,MedicalService1,true,4.0,0.0,0.0
936,DrugService,true,5.0,0.0,0.0
936,AssistanceService,true,9.0

937,MedicalService2,true,14.0,0.0,0.0
937,AlarmService2,true,12.0,0.0,0.0
937,AssistanceService,true,26.0

938,MedicalService2,true,14.0,0.0,0.0
938,DrugService,true,5.0,0.0,0.0
938,AssistanceService,true,19.0

939,MedicalService2,true,14.0,0.0,0.0
939,AlarmService2,true,12.0,0.0,0.0
939,AssistanceService,true,26.0

940,MedicalService2,true,14.0,0.0,0.0
940,DrugService,true,5.0,0.0,0.0
940,AssistanceService,true,19.0

941,MedicalService2,true,14.0,0.0,0.0
941,AlarmService3,true,2.0,0.0,0.0
941,AssistanceService,true,16.0

942,MedicalService2,true,14.0,0.0,0.0
942,AlarmService1,true,4.0,0.0,0.0
942,AssistanceService,true,18.0

943,MedicalService2,true,14.0,0.0,0.0
943,DrugService,true,5.0,0.0,0.0
943,AssistanceService,true,19.0

944,MedicalService2,true,14.0,0.0,0.0
944,DrugService,true,5.0,0.0,0.0
944,AssistanceService,true,19.0

945,MedicalService2,true,14.0,0.0,0.0
945,AlarmService2,true,12.0,0.0,0.0
945,AssistanceService,true,26.0

946,MedicalService2,true,14.0,0.0,0.0
946,AlarmService2,true,12.0,0.0,0.0
946,AssistanceService,true,26.0

947,MedicalService1,true,4.0,0.0,0.0
947,DrugService,true,5.0,0.0,0.0
947,AssistanceService,true,9.0

948,MedicalService2,true,14.0,0.0,0.0
948,AlarmService2,true,12.0,0.0,0.0
948,AssistanceService,true,26.0

949,MedicalService2,true,14.0,0.0,0.0
949,DrugService,true,5.0,0.0,0.0
949,AssistanceService,true,19.0

950,AlarmService3,true,2.0,0.0,0.0
950,AssistanceService,true,2.0

951,AlarmService3,true,2.0,0.0,0.0
951,AssistanceService,true,2.0

952,MedicalService1,true,4.0,0.0,0.0
952,DrugService,true,5.0,0.0,0.0
952,AssistanceService,true,9.0

953,AlarmService1,true,4.0,0.0,0.0
953,AssistanceService,true,4.0

954,MedicalService1,true,4.0,0.0,0.0
954,DrugService,true,5.0,0.0,0.0
954,AssistanceService,true,9.0

955,MedicalService3,true,2.15,0.0,0.0
955,AlarmService1,true,4.0,0.0,0.0
955,AssistanceService,true,6.15

956,MedicalService3,true,2.15,0.0,0.0
956,AlarmService2,true,12.0,0.0,0.0
956,AssistanceService,true,14.15

957,MedicalService1,true,4.0,0.0,0.0
957,DrugService,true,5.0,0.0,0.0
957,AssistanceService,true,9.0

958,MedicalService1,true,4.0,0.0,0.0
958,DrugService,true,5.0,0.0,0.0
958,AssistanceService,true,9.0

959,AlarmService3,true,2.0,0.0,0.0
959,AssistanceService,true,2.0

960,AlarmService1,true,4.0,0.0,0.0
960,AssistanceService,true,4.0

961,MedicalService3,true,2.15,0.0,0.0
961,DrugService,true,5.0,0.0,0.0
961,AssistanceService,true,7.15

962,MedicalService2,true,14.0,0.0,0.0
962,AlarmService2,true,12.0,0.0,0.0
962,AssistanceService,true,26.0

963,MedicalService1,true,4.0,0.0,0.0
963,AlarmService2,true,12.0,0.0,0.0
963,AssistanceService,true,16.0

964,MedicalService3,true,2.15,0.0,0.0
964,DrugService,true,5.0,0.0,0.0
964,AssistanceService,true,7.15

965,AlarmService2,true,12.0,0.0,0.0
965,AssistanceService,true,12.0

966,MedicalService2,true,14.0,0.0,0.0
966,DrugService,true,5.0,0.0,0.0
966,AssistanceService,true,19.0

967,MedicalService2,true,14.0,0.0,0.0
967,AlarmService2,true,12.0,0.0,0.0
967,AssistanceService,true,26.0

968,MedicalService1,true,4.0,0.0,0.0
968,DrugService,true,5.0,0.0,0.0
968,AssistanceService,true,9.0

969,MedicalService1,true,4.0,0.0,0.0
969,DrugService,true,5.0,0.0,0.0
969,AssistanceService,true,9.0

970,MedicalService2,true,14.0,0.0,0.0
970,DrugService,true,5.0,0.0,0.0
970,AssistanceService,true,19.0

971,MedicalService2,true,14.0,0.0,0.0
971,DrugService,true,5.0,0.0,0.0
971,AssistanceService,true,19.0

972,MedicalService2,true,14.0,0.0,0.0
972,DrugService,true,5.0,0.0,0.0
972,AssistanceService,true,19.0

973,MedicalService1,true,4.0,0.0,0.0
973,DrugService,true,5.0,0.0,0.0
973,AssistanceService,true,9.0

974,MedicalService1,true,4.0,0.0,0.0
974,AlarmService3,true,2.0,0.0,0.0
974,AssistanceService,true,6.0

975,AlarmService2,true,12.0,0.0,0.0
975,AssistanceService,true,12.0

976,MedicalService1,true,4.0,0.0,0.0
976,DrugService,true,5.0,0.0,0.0
976,AssistanceService,true,9.0

977,MedicalService3,true,2.15,0.0,0.0
977,DrugService,true,5.0,0.0,0.0
977,AssistanceService,true,7.15

978,MedicalService2,true,14.0,0.0,0.0
978,DrugService,true,5.0,0.0,0.0
978,AssistanceService,true,19.0

979,AlarmService3,true,2.0,0.0,0.0
979,AssistanceService,true,2.0

980,MedicalService1,true,4.0,0.0,0.0
980,DrugService,true,5.0,0.0,0.0
980,AssistanceService,true,9.0

981,MedicalService3,true,2.15,0.0,0.0
981,DrugService,true,5.0,0.0,0.0
981,AssistanceService,true,7.15

982,AlarmService3,true,2.0,0.0,0.0
982,AssistanceService,true,2.0

983,AlarmService2,true,12.0,0.0,0.0
983,AssistanceService,true,12.0

984,MedicalService3,true,2.15,0.0,0.0
984,DrugService,true,5.0,0.0,0.0
984,AssistanceService,true,7.15

985,MedicalService2,true,14.0,0.0,0.0
985,DrugService,true,5.0,0.0,0.0
985,AssistanceService,true,19.0

986,MedicalService2,true,14.0,0.0,0.0
986,DrugService,true,5.0,0.0,0.0
986,AssistanceService,true,19.0

987,MedicalService1,true,4.0,0.0,0.0
987,DrugService,true,5.0,0.0,0.0
987,AssistanceService,true,9.0

988,MedicalService2,true,14.0,0.0,0.0
988,AlarmService3,true,2.0,0.0,0.0
988,AssistanceService,true,16.0

989,AlarmService1,true,4.0,0.0,0.0
989,AssistanceService,true,4.0

990,MedicalService1,true,4.0,0.0,0.0
990,DrugService,true,5.0,0.0,0.0
990,AssistanceService,true,9.0

991,MedicalService2,true,14.0,0.0,0.0
991,DrugService,true,5.0,0.0,0.0
991,AssistanceService,true,19.0

992,AlarmService1,true,4.0,0.0,0.0
992,AssistanceService,true,4.0

993,AlarmService3,true,2.0,0.0,0.0
993,AssistanceService,true,2.0

994,MedicalService3,true,2.15,0.0,0.0
994,DrugService,true,5.0,0.0,0.0
994,AssistanceService,true,7.15

995,MedicalService3,true,2.15,0.0,0.0
995,DrugService,true,5.0,0.0,0.0
995,AssistanceService,true,7.15

996,MedicalService1,true,4.0,0.0,0.0
996,DrugService,true,5.0,0.0,0.0
996,AssistanceService,true,9.0

997,MedicalService2,true,14.0,0.0,0.0
997,DrugService,true,5.0,0.0,0.0
997,AssistanceService,true,19.0

998,MedicalService2,true,14.0,0.0,0.0
998,DrugService,true,5.0,0.0,0.0
998,AssistanceService,true,19.0

999,MedicalService1,true,4.0,0.0,0.0
999,AlarmService3,true,2.0,0.0,0.0
999,AssistanceService,true,6.0

1000,MedicalService2,true,14.0,0.0,0.0
1000,DrugService,true,5.0,0.0,0.0
1000,AssistanceService,true,19.0

