<?xml version="1.0" encoding="UTF-8" standalone="no"?><GSN><Context identifier="AC-3 [1]" statement="Context: AC-3 [1]: Assignment: accessControlPolicy =  &quot;identity-based policy&quot; " tailoring="accessControlPolicy =  &quot;identity-based policy&quot; "/><Solution assessment=" log  of  connection request" identifier="AC-3 M1Sn1" statement="Solution: AC-3 M1Sn1:  log  of  connection request"/><Solution assessment=" log  of auth decision" identifier="AC-3 M1Sn2" statement="Solution: AC-3 M1Sn2:  log  of auth decision"/><Solution assessment=" test cases of apply authorization" identifier="AC-3 M2Sn2" statement="Solution: AC-3 M2Sn2:  test cases of apply authorization"/><Solution assessment=" log of send data" identifier="AC-3 M2Sn3" statement="Solution: AC-3 M2Sn3:  log of send data"/><MainGoal achievement_weight="1" baseline_allocation="high" control_action="enforces approved authorizations for logical access to information and system resources in accordance with applicable access control policies" family="AC" identifier="AC-3 Main" implemented_by="information system" number="3" provision_set="val(authorizationApproval),val(accessControlPolicy)" statement="Goal: AC-3 AC-3 Main Main: information system enforces approved authorizations for logical access to information and system resources in accordance with applicable access control policies; Impact = high, Provides= [ val(authorizationApproval),val(accessControlPolicy)]; aw = 1"/><MainGoal achievement_weight="1" baseline_allocation="high" control_action="enable authorized users to determine whether access authorizations assigned to a sharing partner match the information’s access and use restrictions" family="AC" identifier="AC-21 Main" implemented_by="organization" number="21" provision_set="val(authorizationDecision)" statement="Goal: AC-21 AC-21 Main Main: organization enable authorized users to determine whether access authorizations assigned to a sharing partner match the information’s access and use restrictions; Impact = high, Provides= [ val(authorizationDecision)]; aw = 1"/><MainGoal achievement_weight="1" baseline_allocation="high" control_action="establish configuration requirements, connection requirements, and implementation guidance for each type of wireless acces" family="AC" identifier="AC-18 Main" implemented_by="organization" number="18" provision_set="val(usageRestrictions ),sat(usageRestrictions),val(connectionRequirement),sat(connectionRequirement),val(implementationGuidance), sat(implementationGuidance)" statement="Goal: AC-18 AC-18 Main Main: organization establish configuration requirements, connection requirements, and implementation guidance for each type of wireless acces; Impact = high, Provides= [ val(usageRestrictions ),sat(usageRestrictions),val(connectionRequirement),sat(connectionRequirement),val(implementationGuidance), sat(implementationGuidance)]; aw = 1"/><ReqGoal achievement_weight="1" assessment_process="enforceAuthorization" functional_requirement="check conncetion request and enforce authorization approval" identifier="AC-3 Req1" statement="Goal: AC-3 Req1: enforceAuthorization maintains check conncetion request and enforce authorization approval; aw = 1"/><ModuleGoal achievement_weight="1" assessment_process="getAuthorization" identifier="AC-3 M1" statement="Module: AC-3 M1 : Argument over operational subgoal(s) of getAuthorization; aw = 1"/><ModuleGoal achievement_weight="1" assessment_process="applyAuthorization" identifier="AC-3 M2" statement="Module: AC-3 M2 : Argument over operational subgoal(s) of applyAuthorization; aw = 1"/><OpGoal achievement_weight="1" condition="get request" identifier="AC-3 M1 G1" statement="Goal: AC-3 M1 G1: Variables = Conn; Condition = get request; aw = 1" variable="Conn"/><OpGoal achievement_weight="1" condition="set true for authorized connection" identifier="AC-3 M1 G2" statement="Goal: AC-3 M1 G2: Variables = AuthConn; Condition = set true for authorized connection; aw = 1" variable="AuthConn"/><OpGoal achievement_weight="1" condition="set true for authorized connection" identifier="AC-3 M2 G1" statement="Goal: AC-3 M2 G1: Variables = AuthConn; Condition = set true for authorized connection; aw = 1" variable="AuthConn"/><OpGoal achievement_weight="1" condition="send data" identifier="AC-3 M2 G2" statement="Goal: AC-3 M2 G2: Variables = send; Condition = send data; aw = 1" variable="send"/><Strategy assessment_Process="enforceAuthorization" identifier="AC-3 S1" statement="Strategy: AC-3 S1: Argument over enforceAuthorization"/><Strategy assessment_Process="getAuthorization" identifier="AC-3 M1S1" statement="Strategy: AC-3 M1S1: Argument over getAuthorization"/><Strategy assessment_Process="applyAuthorization" identifier="AC-3 M2S1" statement="Strategy: AC-3 M2S1: Argument over applyAuthorization"/><InContextOf destination="AC-3 [1]" source="AC-3 Main"/><SupportedBy destination="AC-3 S1" source="AC-3 Main"/><SupportedBy destination="AC-3 Req1" source="AC-3 S1"/><SupportedBy destination="AC-3 M1" source="AC-3 Req1"/><SupportedBy destination="AC-3 M2" source="AC-3 Req1"/><SupportedBy destination="AC-3 M1 G1" source="AC-3 M1"/><SupportedBy destination="AC-3 M1 G2" source="AC-3 M1"/><SupportedBy destination="AC-3 M2 G1" source="AC-3 M2"/><SupportedBy destination="AC-3 M2 G2" source="AC-3 M2"/><SupportedBy destination="AC-3 M1Sn1" source="AC-3 M1 G1"/><SupportedBy destination="AC-3 M1Sn2" source="AC-3 M1 G2"/><SupportedBy destination="AC-3 M2Sn2" source="AC-3 M2 G1"/><SupportedBy destination="AC-3 M2Sn3" source="AC-3 M2 G2"/><SupportedBy Requires="val(accessControlPolicy)" destination="AC-21 Main" source="AC-3 Main"/><SupportedBy Requires="val(authorizationDecision)" destination="AC-3 Main" source="AC-21 Main"/><SupportedBy Requires="val(usageRestrictions),val(connectionRequirement),val(implementationGuidance)" destination="AC-3 Main" source="AC-18 Main"/></GSN>